Kata Tidak Baku;Terjemahan
buzzer;buzer
leading;pimpinan
polybag;polibag
purwakarta;Purwakarta
resources;sumber daya
bslah;salah
mandela;mandela
sense;rasa
mahfud;mahfud
repetition;pengulangan
suwun;terima kasih
otopilot;autopilot
diwanti;diwanti
religion;agama
ngebor;menggali
sekjen;sekretaris jenderal
iqbal;iqbal
jubirnya;juru bicaranya
jonan;Jonan
wapres;wakil presiden
penerima harapan;penerima harapan
baksos;bakti sosial
innocent;tak bersalah
sebelh;sebelumnya
pemb;pembelian
freind;sahabat
memberika;memberikan
bingar;gempar
pilihprabowogibran;pilih prabowo gibran
rafael;Rafael
syaiful;Syaiful
never;tidak pernah
dllnya;dan lain-lainnya
leste;lesti
startup;startup
genetik;genetik
connectin;koneksi
canon;Canon
jnsk;jenis
contract;kontrak
aswaja;aswaja
wilfrida;wilfrida
roasting;menghina
sensitivity;sensitivitas
retno;retno
berterimakasih;berterima kasih
klompok;kelompok
wewenang;wewenang
gumay;Gumay
gblok;bodoh
khoir;khair
ngelike;sangat suka
baswedan;baswedan
should;seharusnya
askara;askara
simple;sederhana
rpe;rupiah
ketahanan;ketahanan
diskualisifikasi;diskualifikasi
mengogong;menggonggong
question;pertanyaan
mcdonald;mcdonald
research;riset
banser;Banser
saidah;Saidah
dukungantulus;dukungan Tulus
refurbishment;perbaikan
dibenerin;diperbaiki
sblmnya;sebelumnya
dinasty;dinasti
issue;isu
sahroni;Sahroni
space;ruang
doorprize;hadiah
meminimalisir;meminimalkan
sadewo;Sadewo
ayahbowogbran;Ayah Prabowo Gibran
tanggerang;Tangerang
hhmm;
ghurem;gerimis
innovations;inovasi
based;berbasis
suhada;Suhada
krini;kini
msyrkt;masyarakat
napoleon;Napoleon
pandampamungkas;pandangan pemujaan yang maha kasih
ramein;ramai
rukum;Rukun
pangandaran;Pangandaran
danjen;Panglima Jenderal
amnkeun;amankan
chill;tenang
basuki;Basuki
prilaku;perilaku
poskota;Pos Kota
cringe;tidak jelas
hassan;Hassan
nyeletuk;bilang
pangarep;harapan
bhakti;bakti
jateng;Jawa Tengah
syria;Suriah
bicaran;bicara
marselino;Marselino
rb;ribu
fitur;fitur
peace;perdamaian
tirto;Tirto
nyatu;bersatu
beach;pantai
untukmasyarakat;untuk masyarakat
hingar;hingar bingar
nyenggol;senggol
erick;Erick
berfikir;berpikir
jnkao;makanan cepat saji
ganjab;Ganjar
sucses;sukses
dsbnya;dan sebagainya
baitulloh;masjid
diviralkan;viral
radikul;radikal
nyungsep;jatuh
since;sejak
akhlakless;tidak punya akhlak
security;keamanan
ktnya;katanya
ghufron;ghufron
mngatakan;mengatakan
agromaritim;agro maritim
wirausaha;wiraswasta
trained;terlatih
fawzi;Fauzi
jnuk;jenuh
rocky;Rocky
iskandar;Iskandar
rakorpimnas;Rapat Koordinasi Pimpinan Nasional
sumringah;bahagia
block;blok
dibattle;tanding
boedi;Budi
nyimak;mengikuti dengan seksama
input;input
mesrah;mesra
playing;bermain
nawarin;menawarkan
ngapusi;bohong
pomolango;Pomolango
sector;sektor
alhamdulilah;alhamdulilah
capres;calon presiden
tribun;tribun
apologize;minta maaf
takmir;penjaga masjid
addressing;mengatakan
dibilan;bilang
supporters;pendukung
yordania;yordania
plihan;plihan
gerindra;gerindra
daliyo;daliyo
hamas;hamas
iara;iara
speak;berbicara
ngurus;urus
kesalahpahaman;salah paham
benny;benny
beckgroundnya;latar belakang
disembuny;sembunyi
hendry;hendry
fan;kipas
jangung;jagung
maksa;paksa
china;cina
nikki;nikki
mapenduma;mapenduma
jnpj;JNPK
motpr;motor
impikam;mimpi
bullshit;omong kosong
mocked;diejek
posting;mengirim
youtubenya;YouTube nya
couple;pasangan
jimly;Jimly
gumelar;Gumelar
daebak;terbaik
wkwkwkwk;
asyghil;Asyghil
great;hebat
criminal;kriminal
sumenep;Sumenep
sruduk;tabrak
values;nilai
aside;selain itu
miners;penambang
politics;politik
mongering;penyebaran fitnah
prodi;program studi
sulsel;Sulawesi Selatan
strategic;strategis
penghianat;pengkhianat
tunjukin;tunjuk
nahan;tahan
bilih;berilah
siber;Siber
president;presiden
dipertimbankan;dipertimbangkan
rieke;Rieke
fishing;memancing
pantes;pantas
parung;Parung
cebokin;bersihkan
print;mencetak
ngasi;memberikan
nunduk;tunduk
changer;ubah
maluin;memalukan
older;lebih tua
radjiman;Radjiman
ainunnajib;Ainun Najib
perie;pergi
ngebangun;bangun
ngotot;memaksa
atambua;Atambua
movement;gerakan
dydyaa;
mudahan;mudah-mudahan
blunder;kesalahan besar
pedekate;pendekatan
julidin;sindir
bazaar;pasar
surabaya;Surabaya
malioboro;Malioboro
behaved;berperilaku
pemilu;pemilihan umum
retweet;kirim ulang
orbong;orde baru
entertaining;menghibur
social;sosial
berstatmen;pernyataan
provincial;provinsi
ganjarr;Ganjar
menyakini;yakin
nantangin;menantang
soldiers;prajurit
restoratif;restoratif
leontinus;Leontinus
square;persegi
denial;penolakan
kitakeren;kita keren
mengunakan;menggunakan
merauke;Merauke
minutes;menit
tebet;Tebet
screenshot;tangkapan layar
crisis;krisis
ngirim;mengirim
sianies;si Anis
emotional;emosional
opinion;pendapat
oxford;Oxford
swallow;telan
jauuhh;jauh
kumpulin;mengumpulkan
bakrie;Bakrie
bertanya;bertanya
place;tempat
matian;mati
detikcom;kanal berita Detik
goebbels;Goebbels
ngacaa;instropeksi diri
bukittinggi;Bukittinggi
denpasar;Denpasar
gobel;Gobel
mengupgrade;memperbarui
fetched;diambil
sumsel;Sumatera Selatan
sikutu;sekutu
lasso;lasso
bagiin;bagi
bonafid;keuntungan
quite;cukup
polibak;kantong tanam
komika;pelawak
streaming;menonton
water;air
yaqut;Yaqut
israelpun;Israel pun
conference;konferensi
cyber;siber
jnab;JNAB
admin;admin
rebranding;perubahan merek
brsatu;bersatu
gameover;tamat
indon;Indonesia
kdt;KDT
abuya;Abuya
tiktokers;pengguna TikTok
pigai;Pigai
khabar;kabar
diframing;disimbolkan
pilihe;pilih
glorifikasi;perbuatan memuliakan
menandatangani;menandatangani
konghucu;Konghucu
everything;segala sesuatu
madiun;Madiun
phsicology;psikologi
popers;penggemar pop
disebutin;disebutkan
boomerang;bumerang
rakabuming;Rakabuming
persetruan;perseteruan
sempet;sempat
recreate;menciptakan kembali
vidio;video
biasaa;biasa
damin;Damin
megang;pegang
unhas;Universitas Hasanuddin
maauk;masuk
giant;raksasa
yespakbowo;Oke Pak Prabowo
address;alamat
sanusi;Sanusi
memframing;membingkai
picara;bicara
parengan;pangeran
sebaga;sebagai
tanggungjawab;tanggung jawab
innalilahi;Innalilahi
nggandeng;mengajak
kenegarwanan;kewarganegaraan
aminajadulu;Amin Aja Dulu
jelasin;jelaskan
gimmick;trik
ngajak;mengajak
dhani;Dhani
edison;Edison
snowball;efek berkelanjutan
anugrah;rahmat
kasihin;kasihan
mahmudiyyah;muhammadiyah
mikirin;memikirkan
simply;dengan sederhana
hasto;Hasto
gabisa;tidak bisa
ricky;Ricky
ditjen;Direktorat Jenderal
alfarisi;Alfarisi
cokk;bang
bhinneka;Bhinneka
diminimlisir;diminimalkan
zubir;juru bicara
mangrove;mangrove
brigjen;Brigadir Jenderal
janjiin;janjikan
wartakota;Warta Kota
gokil;lucu
islamophobic;paham takut Islam
undecided;tidak tahu
amiin;amin
inspirator;inspirasi
kitatetap;kita tetap
qobulkan;capai
rebound;pantulan
sappo;siapa
tulungagung;Tulungagung
bahrain;Bahrain
jagain;jaga
hamdan;Hamdan
himbauan;himbauan
meteng;hamil
tentornya;gurunya
penghargaan;penghargaan
listyo;Listyo
fahri;Fahri
salawatan;shalawat
skaligus;sekaligus
menhan;Menteri Pertahanan
strongly;dengan tegas
exponen;eksponensial
korean;Korea
reaktivasi;mengaktifkan kembali
panjenengan;Anda
dipublish;dipublikasikan
dihadang;hadang
yupss;benar
keamanan;keamanan
masyaallah;Masyaallah
mendzolimi;menyakiti
hoax;berita bohong
bodoamat;tdaik peduli
detikfinance;kanal berita Detik
bosque;bosku
et;et
pilpres;pemilihan presiden
polda;kepolisian daerah
motong;potong
berhadapan;berhadapan
disalahin;disalahkan
encountered;dihadapi
lovely;indah
perushaan;perusahaan
bpupki;BPUPKI
mukul;pukul
timsesnya;tim sukses
pinguin;penguin
kenyah;kenyang
perpusnas;perpustakaan nasional
tangkep;tangkap
cimala;Cimala
imagine;membayangkan
ngecak;ngecap
zoelva;Zoelva
faisal;Faisal
timor;Timor
sinpo;baja
mission;misi
jumlahny;jumlahnya
asked;bertanya
kompastv;kanal berita Kompas TV
jompu;berat sebelah
berstatemen;berpendapat
timses;tim sukses
trials;uji coba
muzakir;Muzakir
wkwkwkkw;
posturing;bentuk tubuh
majalengka;Majalengka
eitss;
millennials;generasi milenial
ngerespon;respon
satpol;Satuan Polisi
bansos;bantuan sosial
fahamlah;paham
property;properti
terangan;terang
contrack;kontrak
omonomon;berbicara saja
rocks;batu
analisanya;analisis
naqsabandiyah;Naqsabandiyah
listens;dengar
debest;terbaik
keseimpulan;kesimpulan
nuhun;terima kasih
gadget;perangkat digital
mulyanto;Mulyanto
transpo;transportasi
sthevannys;Stevanny
ngekos;tinggal di kos
pembebesan;pembebasan
ngebuka;membuka
marapi;Marapi
berkarir;berkarir
sengklek;licik
walapun;walaupun
ketidaknetralan;tidak netral
samudera;samudera
diartiin;arti
mualem;malem
widodo;Widodo
cibadak;Cibadak
extended;diperpanjang
dimoderenisasi;modern
masal;masal
adzan;adzan
menjadi;jadi
ngontrak;kontrak
tanjungmekar;Tanjungmekar
imigrant;imigran
nenangga;tetangga
keluarin;keluarkan
pilihankita;pilihan kita
cemen;tidak berani
nyangka;sangka
nyontek;sontek
problema;masalah
uzbekistan;Uzbekistan
epitomenya;epitome
hphnya;hp
ngene;begini
ampun;ampun
wulandari;Wulandari
hamka;Hamka
bravo;hebat
elaboratif;kolaboratif
milihtulusnya;pilih tulusnya
dhuafa;dhuafa
rizal;Rizal
bolott;bodoh
sangat;sangat
demanding;menuntut
after;setelah
gbranpasti;gambaran pastinya
didenger;dengar
aryoko;Aryoko
berhentipan;berhenti pun
crying;menangis
zayyan;Zayyan
ditindaklanjuti;ditindaklanjuti
kampanyein;kampanye
ngolok;mengejek
jnv;JNV
rukan;rumah makan
foods;makanan
otsus;Otonomi khusus
clear;jelas
dibilangin;diberitahu
menjadi;menjadi
thoillah;thoyyibah
diapain;diapakan
alpha;pemimpin
biayain;biaya
agree;setuju
hotman;Hotman
dijulidin;disindir
armaments;persenjataan
henusa;Henusa
kodim;komando distrik militer
taqdir;takdir
ponorogo;Ponorogo
hetero;beragam
amien;Amin
straightforward;langsung
perform;melakukan
pamekasan;Pamekasan
kenegarawanan;kenegaraan
identtas;identitas
browsing;menjelajah
sahid;Sahid
keikutsertaan;ikut serta
chiki;makanan berbumbu
supporting;mendukung
unhan;Universitas Pertahanan
malming;malam minggu
understanding;pemahaman
station;stasiun
respon;tanggapan
bapernya;bawa perasaan
niretika;tidak punya etika
gentanyangan;membayangi
sebenernya;sebenarnya
kemenhan;Kementerian Pertahanan
mempertanggungjawabkan;tanggung jawab
erasigotongroyong;era gotong royong
jendral;jenderal
leaders;pemimpin
definitely;pasti
kpoppers;penggemar musik korea
integrator;integrasi
palingtepat;paling tepat
andrejanuar;Andre Januar
wwii;Perang Dunia
black;hitam
asatidz;asatidz
ngucapin;berkata
angandaran;Pangandaran
wonosalam;Wonosalam
perspective;sudut pandang
policy;kebijakan
jogging;berlari
rounder;lebih bulat
ica;ica
jusuf;Jusuf
sandiaga;Sandiaga
parliament;parlemen
nunggu;tunggu
jelekin;mengejek
hayoo;ayo
thinks;berpikir
vokasi;vokasi
korea;Korea
prabroro;Prabowo
kadin;kepala dinas
arief;Arief
battle;pertempuran
neutrality;netral
candidates;kandidat
ngebacot;berbicara saja
dekat;dekat
ijtima;bulan baru
rudiantara;Rudiantara
independensi;independen
paslon;pasangan calon
trunoyudo;Truno Yudo
perlunyanya;perlu
driver;pengemudi
ngang;mengangguk
image;gambar
karanganyar;Karanganyar
effect;efek
batam;Batam
inspiratif;inspirasi
denny;Denny
neriakin;teriak
pilgub;pemilihan gubernur
kereen;keren
lesat;cepat
pramono;Pramono
qatar;Qatar
batch;kelompok
aamin;amin
paramadina;Paramadina
panas;panas
baitul;masjid
sekda;sekretaris daerah
ngajabarkeun;mengabarkan
masbowogibran;Mas Prabowo Gibran
duluan;lebih cepat
yudhoyono;Yudhoyono
lauik;lauk
bargaining;tawar menawar
husada;Husada
kadrun;kadrun
orias;orias
sumberdaya;sumber daya
critically;secara kritis
citarum;Citarum
procedural;prosedur
pranowo;Pranowo
ngatain;mengatakan
memainkan;main
kendari;Kendari
tapanuli;Tapanuli
rminan;cerminan
papua;Papua
nanem;tanam
merapihkan;merapikan
those;itu
kajari;kejaksaraan agung RI
ns;ns
anime;anime
pikirin;pikir
paslon;pasangan calon
baik;baik
aniesfpi;Anies FPI
assegaf;Assegaf
kopassus;Komando Pasukan Khusus
pendukung;pendukung
fears;ketakutan
plate;piring
campaign;kampanye
underestimate;meremehkan
methods;metode
nolak;tolak
canvassing;penggalangan suara
sipss;oke
kredibel;terpecaya
baper;bawa perasaan
pronouns;kata ganti
pelalawan;Pelalawan
bajer;buzzer
kompascom;kanal berita Kompas TV
wiranto;Wiranto
ngarso;tua
unlawful;melanggar hukum
rembug;rapat
musrenbang;Musyawarah Rencana Pembangunan Daerah
gusmao;Gusmao
kemlithak;kemlithak
magelang;Magelang
rjnkx;rjnkx
ormas;organisasi masyarakat
halasan;balasan
ngelanjutin;melanjutkan
treat;memperlakukan
kodam;penjaga
mebgenai;mengenai
wolak;bolak
cilacap;Cilacap
difahami;dipahami
jarul;jalur
palestine;Palestina
memastikanditps;memastikan di TPS
search;pencarian
setya;setia
renon;Renon
akoteka;akoteka
padahl;padahal
gerlamata;gerlamata
kpoper;penikmat musik korea
hours;jam
ngetawain;menertawakan
industry;industri
tjahaja;Tjahaja
umpatin;umpat
somalia;Somalia
prepare;persiapan
bohir;bohir
assalamu;Assalamualaikum
karno;Karno
ayahbowo;Ayah Prabowo
their;mereka
ngetwit;menulis
young;muda
crazy;gila
papers;jurnal
ngadu;aduan
ing;ingin
ngangkat;mengangkat
shiddiq;benar
kesalahan;kesalahan
center;pusat
youtube;YouTube
komentarin;komentar
mendag;Menteri Perdagangan
educated;terdidik
mardiasih;Mardiasih
michael;Michael
sunda;Sunda
nyari;cari
menggarisbawahi;menggarisbawahi
mataram;Mataram
illegal;ilegal
gasspoll;oke
kalimantan;Kalimantan
digorontalo;di Gorontalo
former;mantan
harun;Harun
yogya;Yogyakarta
thrifting;pakaian bekas
choices;pilihan
branding;branding
reading;membaca
stainless;anti karat
children;anak-anak
gateway;gerbang
konverternya;konverter
ngibul;berbohong
menbatu;membantu
sertifikattanah;sertifikat tanah
pluralism;pluralisme
widjajanto;Widjajanto
mahfudu;Mahfud
defensenya;pertahanan
charge;biaya
antonius;Antonius
nelatan;nelayan
brunya;punya
haechan;Haechan
yaman;Yaman
smelter;smelter
joged;goyang
salahsatu;salah satu
makkah;Makkah
ndalem;rumah
aspire;bercita-cita
intansi;instansi
naive;naif
kitamuda;kita muda
jogoloyo;jogoloyo
sesimple;mudah
trini;Trini
flying;terbang
antitoleransi;anti toleransi
ngancem;mengancam
bismillahirrahmanirrahim;Bismillahirrahmanirrahim
khilafah;kepemimpinan
local;lokal
questions;pertanyaan
dipuji;dipuji
rifan;Rifan
voter;pemilih
stand;berdiri
terkaing;terkait
notice;perhatian
force;kekuatan
freedom;kebebasan
yee;ya
officer;petugas
seolah;seperti
buzer;buzzer
pendawa;pendawa
fatsum;Fatsum
closedoors;tertutup
ngumpul;kumpul
dangbran;dangbran
happens;terjadi
menyebarluaskan;menyebarkan
would;akan
beiqnhxqr;
salute;memberi hormat
gwanhee;Gwanhee
engage;terlibat
instead;sebagai gantinya
acehpun;Aceh pun
aeange;aeange
mayoitas;moyoritas
menham;Menteri Pertahanan
tegalega;Tegalega
rohingnya;rohingnya
risma;Risma
kingdom;kerajaan
marvel;Marvel
nanyain;menanyakan
gerakin;gerak
xd;
kabid;Kepala Bidang
panitya;panitia
betawi;Betawi
ngejatuhin;menjatuhkan
sahabatganjar;sahabat Ganjar
selandia;Selandia
kebahagian;kebahagiaan
rachmat;rahmat
asnawi;Asnawi
sosmed;sosial media
terdzalimi;tersakiti
anies;Anies
membenani;membebani
notch;top
ajee;saja
misleading;menyesatkan
salman;Salman
kapable;mampu
musuhin;musuh
deliver;kirim
integrated;terintegrasi
ngedeketin;mendekatkan
thamrin;Thamrin
puzzel;puzzle
buffering;buffering
belio;beliau
berparpol;berpartai politik
bubble;gelembung
shame;malu
jabodetabek;Jabodetabek
keanekaragaman;keanekaragaman
manggarai;Manggarai
mereka;mereka
mandeville;Mandeville
mmbuktikan;membuktikan
technokrat;cendekiawan
cicalengka;Cicalengka
mohammad;Mohammad
tough;tangguh
agropolitan;pembangunan pertanian
humanies;humanis
comeback;kembali
mamatgs;Mamatgs
ngosan;lelah
thing;hal
katro;miskin kuno
oohh;
cards;kartu
diinvite;diundang
dispatch;pengiriman
malin;Malin
india;India
sitinjau;Sitinjau
pamphlet;brosur
fadli;Fadli
ijinnya;izin
walike;kebalikan
suciwati;suciwati
lemhanas;Lemhanas
force;kekuatan
balikpapan;Balikpapan
ngesetting;mengatur
jelaskn;jelaskan
milenia;milenium
jnc;JNC
lactose;laktosa
george;George
susenas;Susenas
pemimimpin;pemimpin
insider;orang dalam
sprti;seperti
videoin;rekam video
gasih;gas
jnkd;JNKD
telegroup;grup telegram
hpnya;handphone
feelingnya;perasaan
ngehe;haha
masang;memasang
securty;keamanan
yogyakarta;Yogyakarta
rosiade;Rosiade
ketmu;ketemu
sutiyoso;Sutiyoso
menkeu;Menteri Keuangan
chaniago;Chaniago
jna;JNA
nganjuk;Nganjuk
rengasdengklok;Rengasdengklok
nothing;tidak ada
aziziyah;Aziziyah
ijinin;izin
occupation;pekerjaan
change;perubahan
sbgmn;sebagai mana
membrantas;memberantas
johnny;Johnny
semangaat;semangat
purbalingga;Purbalingga
feels;perasaan
perindo;Perindo
memuja;memuji
istiqosah;istiqosah
najwa;Najwa
aliyyah;Aliyyah
powernya;kekuatannya
combo;kombinasi
soeharto;Soeharto
zulhas;Zulhas
carlos;Carlos
uniting;menyatukan
trlahir;terlahir
trirengga;Trirengga
nainggolan;Nainggolan
kenyataanya;kenyataan
ngorbanin;mengorbankan
gimna;bagaimana
sebuah;sebuah
blusukan;terjun ke bawah
iyeth;iya
koprasi;koperasi
datanesia;data
srimulat;Srimulat
devy;Devy
tuntutan;tuntutan
biden;Biden
jnkbf;JNKBF
dramatisir;drama
landmark;monumen
furong;Furong
cou;cou
equal;sama
luring;luar jaringan
backgroundnya;latar belakang
wapresnya;wakil presiden
allowed;diizinkan
muaro;muara
ormek;ormas
hasim;Hasim
lebay;berlebihan
coming;datang
payment;pembayaran
jabatanya;jabatan
outing;keluar
cakin;yakin
appreciate;menghargai
belepotan;berantakan
aditama;Aditama
mulyo;mulia
tetapsabar;tetap sabar
outlier;paling beda
daring;dalam jaringan
quote;kutipan
bandarin;bandar
astagaa;astaga
jnwj;JNWJ
inkindo;Inkindo
roeslani;Roeslani
several;beberapa
anjay;keren
ekslusif;eksklusif
baswaslu;Baswaslu
nyebut;sebut
semuakerja;semua kerja
brebes;Brebes
ditingkatin;meningkatkan
lingkaran;lingkaran
kristiyanto;Kristiyanto
mistakes;kesalahan
sptbnwo;sptbnwo
detikjateng;Detik Jateng
tiktoknya;TikTok-nya
twips;twips
solutif;solusi
baiturrahman;Baiturrahman
jnxe;JNXE
gaspoll;boleh
ngumumin;mengumumkan
pengalaman;pengalaman
angkot;angkot
fastest;tercepat
counter;lawan
basie;basi
lingkunga;lingkungan
yopora;iya apa tidak
pastikanmenang;pastikan menang
maruar;Maruar
metia;Metia
learn;belajar
massive;besar
coblose;pilih
ustadz;ustadz
ngulik;kulik
pager;pagar
gunshop;toko senjata
paramida;Paramida
ditakutin;ditakuti
insyaa;insya
bareskrim;Bareskrim
mensupply;menyediakan
dikarang;cikarang
iming;bonus
predictor;prediktor
offensive;menyerang
tried;mencoba
samsul;Samsul
mnunjang;mendukung
ketikadiserang;ketika diserang
wedyodiningrat;Wedyodiningrat
nyambungnya;hubungan
ngambek;marah
tonight;malam ini
cirebon;Cirebon
ketidaktahuan;tidak tahu
menangkan;menang
trnyata;ternyata
burning;terbakar
bantul;Bantul
nonton;tonton
environment;lingkungan
achtung;achtung
akhirnyaa;akhirnya
serahkn;serahkan
candidate;kandidat
hadhrami;Hadhrami
kebersamaan;kebersamaan
ngerantau;merantau
omone;omong
adams;Adams
organize;atur
didzalimi;disakiti
babinsa;Babinsa
woman;wanita
aiman;Aiman
questioned;dipertanyakan
sepakbola;sepak bola
estate;properti
aksesbilitas;aksesibilitas
testimoni;testimoni
alutsista;alat utama sistem persenjataan
nerusin;teruskan
luhut;Luhut
hartarto;Hartarto
diceraiin;dicerai
trolling;trolling
konprehensif;komprehensif
endonesia;Indonesia
penertiban;tertib
store;toko
gelarny;gelarnya
challenging;menantang
ngomongin;membicarakan
metrotv;Metro TV
neutral;netral
harder;lebih sulit
website;website
baratmahfud;Barat Mahfud
singkawang;Singkawang
farhati;Farhati
tohh;toh
catchy;menarik
balita;berita
somad;Somad
changed;berubah
tasikmalaya;Tasikmalaya
beritau;memberitahu
meutya;Meutya
gaizz;guys
isekarangganjar;sekarang Ganjar
frequently;sering
pdi;PDI
memabngun;membangun
increase;meningkatkan
alusista;alat utama sistem persenjataan
ordal;orang dalam
disdik;Dinas Pendidikan
merespon;respon
nusron;Nusron
kelebiha;kelebihan
ujungnya;akhirnya
barus;baru
ngobok;menggali
truth;kebenaran
tempodotco;Kanal Berita Tempo
lobby;lobi
dikondisiksn;dikondisikan
bugis;Bugis
suriah;Suriah
agrinas;Agrinas
mulyani;Mulyani
etznytunp;etznytunp
palanggaran;pelanggaran
projectnya;proyek
milih;pilih
literasinya;literasi
bolompapueng;bolompapueng
mencle;tidak sesuai
disinylir;disinyalir
ditaro;diletakkan
adisucipto;Adisucipto
mohamed;Mohamed
satsiber;satuan siber
berkomeptisi;berkompetisi
ethics;etika
repost;sebar ulang
dilaksankan;dilaksanakan
nyalahin;menyalahkan
hehehehe;haha
trust;kepercayaan
bikinadem;bikin adem
salfok;salah fokus
mabes;markas besar
kesejahteraan;kesejahteraan
rakyatsenang;rakyat senang
choco;cokelat
flamed;terbakar
viewsnya;penonton
genocide;genosida
colonialisme;kolonialisme
nasution;Nasution
reconcile;mendamaikan
chaos;kekacauan
casanofa;Casanofa
military;militer
gimanapun;bagaimanapun
dianggep;dianggap
review;tinjauan
copras;kopras
bomatlah;tidak peduli
mohamad;Mohamad
unduk;tunduk
kaisang;Kaesang
amerika;Amerika
calling;panggilan
ngehasut;hasutan
nakut;takut
tugiman;Tugiman
supriatna;Supriatna
toefl;TOEFL
commitment;komitmen
malaysia;Malaysia
meritokrasi;meritokrasi
thariq;Thariq
palembang;Palembang
dijanjiin;dijanjikan
realita;kenyataan
mengupload;mengunggah
rakyatmau;rakyat mau
chiko;Chiko
ketidakhadiran;tidak hadir
tetiba;tiba tiba
ngingetin;mengingatkan
fxnhwomm;
humble;rendah hati
ddptkan;didapatkan
legislatif;legislatif
stress;stres
mizwar;Mizwar
xanana;Xanana
austin;Austin
applause;tepuk tangan
blora;Blora
nakes;tenaga kesehatan
ibukota;ibu kota
feminist;feminis
expo;pameran
portrayed;digambarkan
hisyam;Hisyam
kirain;sekiranya
komunikasi;komunikasi
listening;mendengarkan
smntra;sementara
carington;Carington
hominem;hominem
plying;memainkan
anakku;anak
income;pendapatan
insyaallah;insya allah
ngendaliin;mengendalikan
sharing;berbagi
sugito;Sugito
influencer;influencer
trend;tren
tinggalin;tinggalkan
pokoke;intinya
location;lokasi
pindad;Pindad
milihmenang;memilih menang
dijadiin;dijadikan
netizens;netizen
mngmcam;menghormati
country;negara
setiap;setiap
cilincing;Cilincing
kriteri;kriteria
impactful;berdampak
mboten;tidak
occupied;diduduki
sukabumi;Sukabumi
survey;survei
bombarded;diserang
persija;Persija
antony;Antony
quick;cepat
nerotumilena;Nerotumilena
having;memiliki
suheru;si Heru
tetang;tentang
grativikasi;gratifikasi
otoritarian;otoriter
kominfo;Kementerian Informasi dan Komunikasi
ruar;luar
hotline;kontak telepon
nasty;tidak sennag
jxcd;
gafud;
titan;besar
tersandra;sandera
kesatrian;satria
mndukung;mendukung
muhammadiyah;Muhammadiyah
semetinya;seharusnya
tknnya;tim kampanye
compared;dibandingkan
sbelum;sebelum
istighosah;istighosah
adwinka;Adwinka
market;pasar
alustita;alat utama sistem persenjataan
sstt;
supo;siapa
dibuntutin;dibuntuti
aakurecqk;aku
ketidaksamaan;tidak sama
diusirin;diusir
meriksa;periksa
baguus;bagus
daily;harian
distributed;didistribusikan
mengendorse;mempromosikan
freemason;Freemason
relation;hubungan
likes;suka
novanto;Novanto
karenahati;karena hati
success;sukses
nahdlatul;Nahdlatul
warming;pemanasan
investment;investasi
nguyen;Nguyen
henny;Henny
dimarahin;dimarahi
rwaar;
surveynya;survei
shihab;Shihab
patiunus;Pati Unus
better;lebih baik
yusak;rusak
friendster;lingkungan pertemanan
islamic;Islam
sangarr;keren
dipapua;di Papua
earlier;lebih awal
resfons;respon
yakan;benarkan
pstinya;pasti
syaikhu;Syaikhu
tiand;tiang
marzuki;Marzuki
arguments;argumen
trisakti;Trisakti
afrika;Afrika
nailing;memaku
makes;membuat
hendropriyono;Hendropriyono
jatim;jawa timur
wakanda;Wakanda
dengerin;dengarkan
alexis;Alexis
kapabilitas;kapabilitas
terimakasih;terima kasih
double;ganda
hadhramaut;Hadhramaut
terpanaa;terpukau
taiwan;Taiwan
mesir;Mesir
menhannya;menteri pertahanan
ombudsman;ombudsman
brong;borong
milenial;milenial
seringkali;seringkali
sudaryono;Sudaryono
sholeh;baik
imingi;ditawari
prasetyo;Prasetyo
garibaldi;Garibaldi
seorg;seorang
yahya;Yahya
kapendam;terpendam
digambarin;digambarkan
lahh;lah
cookk;cok
diilaporin;dilaporkan
tupoksinya;tugasnya
exciting;menggembirakan
nolong;tolong
jkrta;Jakarta
kawatir;khawatir
tuntasin;selesaikan
pangudi;Pangudi
kuasane;kuasa
permasalahn;permasalahan
personality;kepribadian
original;asli
australia;Australia
coated;dilapisi
gimana;bagaimana
tahta;tahta
bawaslu;Bawaslu
adabless;tidak beradab
fatherless;tanpa ayah
airlangga;Airlangga
members;anggota
together;bersama
dukungnnya;dukungannya
mojokin;menyudutkan
christmas;Natal
jnyi;janji
komen;komentar
ideas;ide
izinnya;izin
biginilah;beginilah
kbijakan;kebijakan
barakallah;barakallah
muaahh;
nyamperin;menemui
muter;putar
pitaloka;Pitaloka
selfie;foto depan
masadepan;masa depan
jejangan;jangan
anaknya;anaknya
qodir;Qodir
koq;kok
yespasti;ya pasti
arsyad;Arsyad
diwakilin;diwakilkan
forkopinda;Forkopinda
aplgi;apalagi
tinggiuntuk;tinggi untuk
leveling;tingkatan
miras;minuman keras
definitely;pasti
habaib;habib
kluarga;keluarga
optimistic;optimis
ngungkapin;mengungkapkan
natalie;Natalie
cicing;cicing
surprised;terkejut
nature;alam
midle;tengah
sujatmiko;Sujatmiko
mmnuhi;memenuhi
wadas;Wadas
bolonemase;pengikutnya
damkar;pemadam kebakaran
saefulloh;Saefulloh
covid;COVID
nyeleksi;seleksi
cupsleeve;gelas minum
wahh;wah
hendro;Hendro
cipinang;Cipinang
khoirul;Khoirul
sg;yang
nyertain;serta
madrid;madrid
tvonenews;TV One News
biggest;terbesar
diplomatic;diplomatik
ekuador;Ekuador
adalagi;ada lagi
daycare;perawatan harian
lanjutin;lanjutkan
windows;Windows
example;contoh
instagramnya;instagram
panislamisme;PAN Islam
slide;tampilan
khidupan;kehidupan
indeed;memang
soloraya;Solo Raya
mdpranowopilihanumat;Mahmud Pranowo Pilihan Rakyat
totally;sepenuhnya
nikita;Nikita
defences;pertahanan
habiburokhman;Habiburokhman
samarinda;Samarinda
tehran;Teheran
hercules;Hercules
amran;Amran
pantesan;pantas
maaruf;Maaruf
kneel;berlutut
berulangkali;berulang kali
called;dipanggil
mujani;memuja
sobar;tenang
walikota;walikota
antikorupsi;anti korupsi
myuruh;meminta
kemenkeu;Kemenkeu
wielgosz;Wielgosz
rempang;Rempang
nyoba;mencoba
sohee;Sohee
dsarnya;dasarnya
negri;negeri
gemoi;lucu
ributin;ribut
pasfeb;pasfeb
bripka;Bripka
centre;pusat
ketidakpedulian;ketidakpedulian
ngawur;tidak berdasar
solver;penyelesaian
revival;kebangkitan
pddkn;pendidikan
nabung;menabung
kendeng;Kendeng
kamoung;kampung
sptnya;seperti nya
wagimandeep;Wagimandeep
sikatkorupsi;tumpas korupsi
anzar;Anzar
roadma;rencana besar
possible;mungkin
jogednya;goyang
kelihatanya;kelihatannya
rejim;rezim
always;selalu
sengkuni;Amin Rais
rincian;rincian
katholik;Katolik
nyesel;menyesal
umbaran;mengumbar
pasca;pasca
whole;seluruh
gayungsari;Gayungsari
definetely;pastinya
disabilities;disabilitas
middleman;perantara
pakbowopertama;Pak Bowo pertama
settlements;pemukiman
multietnis;banyak etnis
words;kata kata
skechers;sepatu
mbludak;penuh
hater;pembenci
sulaiman;Sulaiman
toxic;kasar
suggesting;menyarankan
viral;viral
doxing;penyebaran informasi pribadi
night;malam
nampak;terlihat
akmil;akademi militer
vision;visi
multiple;banyak
leader;pemimpin
samsek;sama sekali
faskes;fasilitas kesehatan
nuwun;terima kasih
korut;Korea Utara
solving;pemecahan
satriopiningit;Satrio Piningit
emaknya;ibunya
sosiakisasi;sosialisasi
awokwok;
nyapres;jadi calon presiden
akuyes;aku yes
framing;pengaturan
septian;Septian
tenga;tengah
ngemeng;ngomong
dipermasalahin;dipermasalahkan
struggles;perjuangan
being;menjadi
decolonisation;dekolonisasi
orangk;orang
socrates;Socrates
ngeluh;mengeluh
mejwb;menjawab
there;ada
indonsia;Indonesia
menkominfo;Menteri Komunikasi dan Informatika
disleman;di Sleman
problems;masalah
ternate;Ternate
nobar;tonton bersama
rahmayadi;Rahmayadi
ariansyah;Ariansyah
pastiinpbowo;pastikan Pak Prabowo
jurkamnya;juru kamera
multiverse;multi semesta
parabowo;Pak Prabowo
dhuwur;tinggi
klmpk;kelompok
berfikirnya;berpikir
nyemangatin;semangat
menhanmu;Menteri Pertahanan
kmana;kemana
bahayaa;bahaya
dibatah;dibantah
sigit;Sigit
aniss;Anis
liberation;pembebasan
bnran;benar
setneg;Sekretariat Negara
flores;Flores
saipul;Saipul
disamperin;didatangi
djojohadikusumo;Djojohadikusumo
melting;peleburan
claim;mendapatkan
menglorifikasi;mengagungkan
ngadain;mengadakan
soekarnoputri;Soekarnoputri
mangkraknya;mangkrak
blimbingsari;blimbingsari
laeku;laeku
diinget;ingat
pekanbaru;Pekanbaru
sante;santai
kemhan;Kementerian Pertahanan
alesannya;alasan
zulxhamzah;Zulxhamzah
sheppard;Sheppard
yeeaa;ya
syifaa;syifaa
attacknya;serangan
hitlerites;hitlerites
design;desain
autis;autis
dimedsos;di media sosial
lhoo;lho
ditamba;ditambah
transum;transportasi umum
baasyir;Baasyir
ngegas;tidak santai
ridho;Ridho
fauziyah;Fauziyah
esbeye;Susilo Bambang Yudhoyono
faried;Faried
jnua;jnua
record;rekam
diskursus;diskursus
tionghoa;Tionghoa
berbuatbaik;berbuat baik
nomer;nomor
prove;membuktikan
doing;melakukan
taking;mengambil
critics;mengkritik
elektabilitasnya;elektabilitas
standing;berdiri
bersama;bersama
erwin;Erwin
wuri;Wuri
narkoba;narkoba
background;latar belakang
ngejaga;menjaga
sorryy;maaf
demonization;demonisasi
breng;bareng
statement;pernyataan
worst;terburuk
rainbow;warna warni
jngan;jangan
kedaulatan;kedaulatan
capresnya;calon presiden
pastikanvisi;pastikan visi
ugalan;tidak beraturan
launching;peluncuran
prsidem;presiden
saviour;penyelamat
ninin;ninin
gresik;Gresik
warganet;warganet
ngemper;bersandar
detikbali;Detik Bali
times;beberapa kali
reached;mencapai
membully;mengejek
forgotten;terlupakan
rahmadi;Rahmadi
nanggung;tanggung
prabowolah;Prabowo lah
ones;satu
terlebay;paling alay
ngkan;ngkan
ramli;Ramli
mmegang;memegang
thoir;Thohir
rinci;rinci
ngembaliin;mengembalikan
palingsejuk;paling sejuk
tomgkang;tongkang
disuppo;didukung
incoming;masuk
nembak;tembak
disclaimer;penyangkalan
trtinggi;tertinggi
ngomong;ngomong
terlamb;terlambat
ditangisin;tangis
pebruari;Februari
masaak;masak
nyangkal;sangkal
disabilitas;disabilitas
jnri;JNRI
ninja;ninja
oppa;oppa
bungul;bungul
atasnamakan;atas nama
discussion;diskusi
keroyokan;bebarengan
ngambil;ambil
mensejahterahkan;menyejahterakan
suharto;Soeharto
astaghfirullah;astaghfirullah
mantul;mantap betul
wealth;kekayaan
mukidi;Mukidi
masinton;Masinton
rfgibran;Gibran
untukpakbowo;untuk Pak Prabowo
concept;konsep
menangkanganjar;menang kan Ganjar
kertanegara;Kertanegara
jetika;ketika
cooperation;kerja sama
bknkah;bukankah
disguise;penyamaran
gusnaidi;Gus Naidi
sufficient;cukup
supit;supir
videotron;videotron
cobol;cobol
tenan;beneran
aamiinn;amin
amarah;amarah
dengernya;dengar
gemes;gemas
pendidikan;pendidikan
tiati;hati hati
komnas;komisi nasional
ceonya;CEO
mencla;tidak konsisten
seventeen;Seventeen
gunungmas;Gunung Mas
muhamadiyah;Muhammadiyah
future;masa depan
panwas;panitia pengawas
nonjokin;menonjok
infused;diinfus
goblokin;bodoh kan
buzzernya;buzzer
berkali;berkali
masia;masia
sutet;sutet
hashtag;tanda pagar
netizen;warganet
motto;visi misi
menkopolhukam;Menkopolhukam
bongbong;Bongbong
peperangan;perang
rivals;rivals
krupuk;krupuk
keresaan;keresaan
mengejar;mengejar
debicoklat;debicoklat
zenius;zenius
figure;perawakan
overconfidence;terlalu percaya diri
gopay;gopay
hmm;hmm
giovanni;giovanni
connie;connie
eropa;eropa
fanta;fanta
djarum;djarum
richest;richest
rizieq;rizieq
muallem;muallem
sulawesi;sulawesi
dikurangin;dikurangin
hitler;hitler
garudayaksa;garudayaksa
policies;policies
sustainability;sustainability
katain;katain
scary;menakutkan
yusril;yusril
simsalabim;simsalabim
nababan;nababan
consider;anggap
membauat;membauat
aware;sadar
nawawi;nawawi
representatives;representatives
mager;mager
jejaring;jejaring
supporter;pendukung
pakbowomasgib;pakbowomasgib
politikbsemakin;politikbsemakin
armando;armando
ridhai;ridhai
jakar;jakar
dateng;dateng
trima;trima
menangin;menangin
kalbar;kalbar
hankam;hankam
sudjatmiko;sudjatmiko
entrepreneur;pengusaha
jaksel;jaksel
though;meskipun
still;masih
disabilitasnya;disabilitasnya
jinping;jinping
ganjarmahfudmenangdebat;ganjarmahfudmenangdebat
according;menurut
disrespectful;tidak sopan
mejobo;mejobo
penmas;penmas
kampnye;kampnye
febuari;febuari
remembered;remembered
foodestate;foodestate
sukarno;sukarno
dukungamin;dukungamin
uru;uru
symbolic;simbolis
kebijaka;kebijaka
oligark;oligark
mayong;mayong
hubungn;hubungn
ubanbukanpakde;ubanbukanpakde
jombor;jombor
penyokongpi;penyokongpi
bukain;bukain
gebrakan;gebrakan
kerjabersamaganjar;kerjabersamaganjar
buktinyata;buktinyata
papuaa;papuaa
ekspektasi;ekspektasi
walhi;walhi
estete;estete
tanaya;tanaya
nerima;nerima
nyowo;nyowo
kpopisasi;kpopisasi
gamamenang;gamamenang
score;skor
launch;luncur
answering;answering
dehumanizing;dehumanizing
pakaian;pakaian
gamasalah;gamasalah
statetment;statetment
vietnam;vietnam
sesungguhya;sesungguhya
medsosnya;medsosnya
lemdiklat;lemdiklat
prananda;prananda
sencho;sencho
legacy;warisan
sianipar;sianipar
johannes;johannes
taruna;taruna
gerombolan;gerombolan
nikmatul;nikmatul
menaker;menaker
semalem;semalem
redistribusi;redistribusi
twist;muslihat
gasuka;gasuka
ngelirik;ngelirik
kicep;kicep
kreatifitas;kreatifitas
managemen;managemen
gapapa;gapapa
wilalung;wilalung
nairn;nairn
ngebuat;ngebuat
states;states
friendly;ramah
sampoerna;sampoerna
menagis;menagis
horass;horass
wanto;wanto
gaban;gaban
bahrawi;bahrawi
intellectual;intelektual
dudung;dudung
titiek;titiek
protests;protests
beralaih;beralaih
fatia;fatia
megapolitan;megapolitan
menyalahgunakan;menyalahgunakan
pikuk;pikuk
officials;officials
brani;brani
sakaria;sakaria
sirkelnya;sirkelnya
disability;cacat
fathonah;fathonah
kebonsari;kebonsari
slepet;slepet
convoy;konvoi
kebijakan;kebijakan
particular;khusus
kpopified;kpopified
membagikan;membagikan
system;sistem
erb;erb
lembong;lembong
ngejelasin;ngejelasin
including;including
probolinggo;probolinggo
proporsionalitas;proporsionalitas
kalla;kalla
densus;densus
arsjad;arsjad
producernmi;producernmi
pemimpin;pemimpin
diharepin;diharepin
saatnja;saatnja
menddukung;menddukung
pantass;pantass
impossible;tidak mungkin
ngumpet;ngumpet
during;selama
gara;gara
dirilu;dirilu
ngefek;ngefek
biased;biased
nyerang;nyerang
ngaca;ngaca
chanel;chanel
dandim;dandim
pilhan;pilhan
savage;ganas
gandhi;gandhi
supporternya;supporternya
kuatkankpk;kuatkankpk
follow;mengikuti
bersa;bersa
ngetweet;ngetweet
presideng;presideng
tukin;tukin
debates;debates
positioning;positioning
wiratama;wiratama
gerakcepat;gerakcepat
jnb;jnb
untukrakyat;untukrakyat
simon;simon
ngarsodalem;ngarsodalem
essential;penting
kanjuruhan;kanjuruhan
paloh;paloh
disetting;disetting
syaugi;syaugi
break;pecah
mongkoso;mongkoso
pemprov;pemprov
transjakarta;transjakarta
allegation;tuduhan
validasi;validasi
ketidakjelasan;ketidakjelasan
supya;supya
silahturahmi;silahturahmi
adsnya;adsnya
opresi;opresi
bumil;bumil
maruarar;maruarar
aktifitas;aktifitas
millenial;millenial
glodok;glodok
gamau;gamau
infografis;infografis
febketps;febketps
fisip;fisip
tiadahenti;tiadahenti
state;negara
clinguk;clinguk
highest;tertinggi
berfihak;berfihak
diponegoro;diponegoro
goodbener;goodbener
yaumil;yaumil
democracy;demokrasi
pinjol;pinjol
kholil;kholil
panitan;panitan
instagram;instagram
objective;obyektif
narsistik;narsistik
mikroekspresi;mikroekspresi
caleg;caleg
organic;organik
batere;batere
bersilaturrahmi;bersilaturrahmi
wawancanda;wawancanda
resign;mengundurkan diri
cipung;cipung
tuuh;tuuh
possibilities;possibilities
mlinjo;mlinjo
ganjarmahfu;ganjarmahfu
deserves;deserves
menkopulhukam;menkopulhukam
elmer;elmer
wolfenstein;wolfenstein
generation;generasi
yangmenang;yangmenang
dibwakan;dibwakan
nelson;nelson
inshaallah;inshaallah
brtemu;brtemu
tkrpp;tkrpp
maqdis;maqdis
sonny;sonny
hianati;hianati
proxy;proxy
bercita;bercita
formapi;formapi
journalists;journalists
mmberikn;mmberikn
perbsiki;perbsiki
profres;profres
greenflation;greenflation
disgusting;jijik
salawat;salawat
kolaboratif;kolaboratif
nemenin;nemenin
daamm;daamm
memposting;memposting
kasihanin;kasihanin
sonoh;sonoh
ponsel;ponsel
atikoh;atikoh
dipungkiri;dipungkiri
khratis;khratis
tanpaetik;tanpaetik
scandal;skandal
ngikutin;ngikutin
segitu;segitu
karana;karana
postingan;postingan
sblum;sblum
indar;indar
kelvin;kelvin
kebhinekaan;kebhinekaan
berkebalibalikan;berkebalibalikan
conscience;hati nurani
bacawalkot;bacawalkot
jakarta;jakarta
numpang;numpang
google;google
netepin;netepin
bahlil;bahlil
nendang;nendang
world;dunia
poslon;poslon
sdhlah;sdhlah
membongkok;membongkok
slankers;slankers
jerataan;jerataan
ngaji;ngaji
mengkriti;mengkriti
alkes;alkes
hariyanto;hariyanto
berkorban;berkorban
orgny;orgny
democratic;demokratis
editing;editing
antarumat;antarumat
kiyai;kiyai
nyuruh;nyuruh
common;biasa
apalg;apalg
yulia;yulia
saiful;saiful
prabowopun;prabowopun
hubner;hubner
pansos;pansos
week;minggu
teddy;teddy
berswafoto;berswafoto
temenku;temenku
kroninya;kroninya
ponpes;ponpes
truck;truk
captured;captured
supriyanti;supriyanti
ditemenin;ditemenin
gibran;gibran
voters;voters
avowed;diakui
pulkam;pulkam
magetan;magetan
rusunawa;rusunawa
jokowi;jokowi
mahfudmd;mahfudmd
jepara;jepara
syaraf;syaraf
situbondo;situbondo
yogja;yogja
nurut;nurut
ganjarsikatkorupsi;ganjarsikatkorupsi
ambon;ambon
zahra;zahra
kesalahanya;kesalahanya
election;pemilihan
grandpa;kakek
setiadji;setiadji
comsec;comsec
sandwich;sandwich
ngangguk;ngangguk
mangkrak;mangkrak
hacker;peretas
nampolin;nampolin
child;anak
courageous;berani
djohan;djohan
saudaraq;saudaraq
artist;seniman
kebumen;kebumen
kebingunan;kebingunan
alone;sendiri
insyaf;insyaf
civilians;civilians
ngejalanin;ngejalanin
kekuatan;kekuatan
nampaknya;nampaknya
palti;palti
siduarjo;siduarjo
ngedukung;ngedukung
elitisme;elitisme
ielts;ielts
benernya;benernya
kuatir;kuatir
founder;pendiri
jogyakarta;jogyakarta
oppressor;penindas
orqe;orqe
dumai;dumai
asean;asean
which;yang mana
bykan;bykan
tanggepanmu;tanggepanmu
wicaksono;wicaksono
ganjarforind;ganjarforind
benson;benson
pancen;pancen
kangkaki;kangkaki
defense;pertahanan
bakamla;bakamla
molded;molded
rusunnya;rusunnya
pakdhe;pakdhe
dikatain;dikatain
pdie;pdie
nyebokin;nyebokin
alutista;alutista
gratisin;gratisin
yokk;yokk
atasin;atasin
kpopers;kpopers
killing;membunuh
forever;selamanya
ecology;ekologi
prancis;prancis
lives;lives
pandora;pandora
politic;politik
faizal;faizal
green;hijau
ngerjain;ngerjain
return;kembali
haley;haley
jancuk;jancuk
inidikasi;inidikasi
nyebutnya;nyebutnya
klean;klean
nyalon;nyalon
style;gaya
stunting;stunting
facts;facts
absent;tidak hadir
yenny;yenny
moreover;lagipula
ngerakyat;ngerakyat
jerome;jerome
jnfe;jnfe
pakanies;pakanies
speech;pidato
savicali;savicali
nyinyiers;nyinyiers
indahh;indahh
jedah;jedah
punten;punten
mngecilkan;mngecilkan
adaah;adaah
bojonegoro;bojonegoro
outbreak;wabah besar
injured;terluka
ketentraman;ketentraman
gimminc;gimminc
romanticizing;romanticizing
arsjadrasjid;arsjadrasjid
cagub;cagub
minority;minoritas
smakin;smakin
inklusi;inklusi
rasjid;rasjid
sembako;sembako
ngerubah;ngerubah
burger;burger
hoaks;hoaks
achrian;achrian
diributin;diributin
gusdurian;gusdurian
demak;demak
disamaratalan;disamaratalan
dekranasda;dekranasda
indonesian;indonesian
kemenkum;kemenkum
babeh;babeh
wewenangnya;wewenangnya
harahap;harahap
buktiin;buktiin
munir;munir
iykiyk;iykiyk
kerjabersama;kerjabersama
dander;ketombe
kawendra;kawendra
tanyain;tanyain
antarmoda;antarmoda
wedjedy;wedjedy
rapimnas;rapimnas
musyawara;musyawara
ralyat;ralyat
responnya;responnya
training;pelatihan
diandelin;diandelin
dilaporin;dilaporin
chico;chico
megapro;megapro
faced;dihadapi
fadjar;fadjar
kerinci;kerinci
perthahanan;perthahanan
concern;perhatian
thohir;thohir
surakarta;surakarta
alhamdulillaah;alhamdulillaah
nambah;nambah
sumitro;sumitro
politica;politica
eribu;eribu
riziek;riziek
sebira;sebira
adrian;adrian
sumatera;sumatera
closing;closing
merhatiin;merhatiin
jatuhin;jatuhin
tvone;tvone
utkindonesia;utkindonesia
credit;kredit
bersilahturahmi;bersilahturahmi
alaydrus;alaydrus
bganda;bganda
kapolres;kapolres
masbowogbran;masbowogbran
semarang;semarang
rongkhya;rongkhya
ancem;ancem
sapiens;sapiens
ngelawan;ngelawan
agricultural;pertanian
inflation;inflasi
panic;panik
mikir;mikir
thingking;thingking
pakehati;pakehati
tonjong;tonjong
banggakan;banggakan
pileg;pileg
hearing;mendengar
tagline;tagline
meanwhile;sementara
nteweet;nteweet
jurdil;jurdil
andikgdriv;andikgdriv
istiqomah;istiqomah
index;indeks
superkeren;superkeren
thoifur;thoifur
petrus;petrus
behind;belakang
masalh;masalh
oneng;oneng
mantab;mantab
jubir;jubir
smpai;smpai
kominfotik;kominfotik
terhadp;terhadp
profile;profil
narik;narik
parasosial;parasosial
kandrunnya;kandrunnya
rafale;rafale
takedown;takedown
emprit;emprit
ketidaksetaraan;ketidaksetaraan
chang;chang
reflect;mencerminkan
amanda;amanda
progam;progam
resolved;diselesaikan
lanjutgansemuamurah;lanjutgansemuamurah
klawen;klawen
tohir;tohir
ridwan;ridwan
lapia;lapia
statemen;statemen
divalidasi;divalidasi
tidaakk;tidaakk
polri;polri
constitutional;konstitusional
reshuffle;perombakan
topuksi;topuksi
baeklah;baeklah
jnce;jnce
beranggapa;beranggapa
dgaf;dgaf
fretilin;fretilin
simpaty;simpaty
sponsored;sponsored
kapabilitasnya;kapabilitasnya
purwokerto;purwokerto
yerusalem;yerusalem
bombay;bombay
leadership;pimpinan
pertanyaanya;pertanyaanya
rapiin;rapiin
capresku;capresku
tantrum;mengamuk
megawati;megawati
teriyaki;teriyaki
insyaalloh;insyaalloh
network;jaringan
fasum;fasum
worth;bernilai
mnjdi;mnjdi
ngilangin;ngilangin
andrinof;andrinof
banggain;banggain
cheryl;cheryl
yudha;yudha
manager;manajer
thailand;thailand
guardian;wali
draft;bagan
ahmadyani;ahmadyani
zionist;zionist
nyindir;nyindir
berpartispasi;berpartispasi
bertnya;bertnya
choose;memilih
hutabarat;hutabarat
highlight;menyoroti
visit;mengunjungi
these;ini
munandar;munandar
despite;meskipun
timnas;timnas
adain;adain
boarding;asrama
abdel;abdel
value;nilai
karawang;karawang
klopp;klopp
dream;mimpi
approach;mendekati
mahufd;mahufd
jnwc;jnwc
trimakasih;trimakasih
cawapres;cawapres
setting;pengaturan
ngehadepinnya;ngehadepinnya
skedar;skedar
ummat;ummat
faktanya;faktanya
besak;besak
mknya;mknya
banjarnegara;banjarnegara
berjuang;berjuang
dikoordinir;dikoordinir
zulkifli;zulkifli
rutinitas;rutinitas
canvasing;canvasing
sayuk;sayuk
henyak;henyak
hanura;hanura
ngong;ngong
disebablan;disebablan
saputri;saputri
pastiinpakbowo;pastiinpakbowo
videotronmmas;videotronmmas
ahlussunnah;ahlussunnah
kaitin;kaitin
between;antara
dibales;dibales
exact;tepat
spill;tumpah
ventures;ventures
kepulauan;kepulauan
apmiso;apmiso
intoleransi;intoleransi
bgmana;bgmana
tangerang;tangerang
experienced;berpengalaman
bayangin;bayangin
gusimin;gusimin
jerman;jerman
napsu;napsu
frigate;frigate
kongkow;kongkow
humprey;humprey
sincerely;dengan hormat
menunjukksn;menunjukksn
menglaim;menglaim
sirkular;sirkular
ketidakpercayaan;ketidakpercayaan
antitesa;antitesa
nakuti;nakuti
israel;israel
gamungkin;gamungkin
mikul;mikul
extrimists;extrimists
nurul;nurul
tanyashe;tanyashe
ngebahas;ngebahas
utting;utting
subagyo;subagyo
untungpakbowobijak;untungpakbowobijak
diakalin;diakalin
elektabilitas;elektabilitas
slamet;slamet
akatip;akatip
prabowi;prabowi
sholat;sholat
sahabatsantri;sahabatsantri
smith;smith
drill;bor
pranowoe;pranowoe
gemoy;gemoy
darimana;darimana
academy;akademi
gorontalo;gorontalo
berpoltikan;berpoltikan
ciamis;ciamis
farming;tani
deliberative;musyawarah
ribet;ribet
colonized;colonized
aurel;aurel
serious;serius
framingnya;framingnya
semerawut;semerawut
ketegasan;ketegasan
soekarno;soekarno
tidakadilan;tidakadilan
protect;melindungi
nginep;nginep
nirina;nirina
satgas;satgas
mendem;mendem
choirul;choirul
modalin;modalin
under;di bawah
terwu;terwu
ottoecsloq;ottoecsloq
pangkalima;pangkalima
kepercyaan;kepercyaan
membludak;membludak
mmberi;mmberi
history;sejarah
majority;kebanyakan
hambalang;hambalang
sbtlnya;sbtlnya
jkwdo;jkwdo
arema;arema
medsos;medsos
gasasan;gasasan
pertamina;pertamina
sadayana;sadayana
walkout;pemogokan
ngentasin;ngentasin
speaker;pembicara
dipostingkan;dipostingkan
muhaimin;muhaimin
naah;naah
bermondalkan;bermondalkan
cipari;cipari
nadiem;nadiem
sustainable;berkelanjutan
ngobrol;ngobrol
garum;garum
dynasty;dinasti
sehari;sehari
ganjarmahfud;ganjarmahfud
menjarain;menjarain
mndorong;mndorong
whatever;apa pun
nglamar;nglamar
subtantif;subtantif
asyhgil;asyhgil
ngewaro;ngewaro
berkwalitas;berkwalitas
reveals;reveals
panggah;panggah
pertamax;pertamax
slump;kemerosotan
ngakoni;ngakoni
salemba;salemba
radya;radya
wejanganya;wejanganya
imformasi;imformasi
proposals;proposals
think;pikir
panwaslu;panwaslu
ruteng;ruteng
kamiadadisini;kamiadadisini
menginvansi;menginvansi
djohermansyah;djohermansyah
exclude;mengecualikan
fighter;pesawat tempur
dicatet;dicatet
garnacho;garnacho
namirul;namirul
channel;channel
seprti;seprti
lloyd;lloyd
berhenti;berhenti
atheis;atheis
hamengkubuwono;hamengkubuwono
scenario;skenario
kakanya;kakanya
planga;planga
gaskeun;gaskeun
reach;mencapai
partaisocmed;partaisocmed
bahlul;bahlul
tulip;tulip
jiexpo;jiexpo
cawapresnya;cawapresnya
moskow;moskow
barca;barca
temennya;temennya
militeristik;militeristik
digembosin;digembosin
macchiato;macchiato
dijogja;dijogja
asshiddiqie;asshiddiqie
dapil;dapil
segibran;segibran
abuse;olok-olok
respected;respected
tsamara;tsamara
checkpoints;checkpoints
nuntut;nuntut
omnibuslaw;omnibuslaw
takterbendung;takterbendung
sigare;sigare
pbowogbran;pbowogbran
dinotice;dinotice
nirwono;nirwono
regress;kemunduran
ngaruh;ngaruh
ngeracunin;ngeracunin
udahpasti;udahpasti
kolabora;kolabora
settingan;settingan
brillian;brillian
gadjah;gadjah
kemudia;kemudia
anakk;anakk
jnyc;jnyc
amazing;menakjubkan
rusun;rusun
mangkuningrat;mangkuningrat
pildun;pildun
sirait;sirait
bangladesh;bangladesh
taken;diambil
didiskuslifikasi;didiskuslifikasi
direspon;direspon
harimurti;harimurti
mengijinkan;mengijinkan
disalahgunakan;disalahgunakan
nahdliyin;nahdliyin
mukulin;mukulin
ngamuk;ngamuk
andono;andono
business;bisnis
nyampaiin;nyampaiin
ahmad;ahmad
communities;communities
ahokers;ahokers
bodetabekjur;bodetabekjur
jaringan;jaringan
afdol;afdol
audiens;audiens
doxxing;doxxing
batubara;batubara
ngeklaim;ngeklaim
netanyahu;netanyahu
ngelibatin;ngelibatin
cover;menutupi
jaklingko;jaklingko
palestina;palestina
ditanggkap;ditanggkap
meledakk;meledakk
mujib;mujib
kacrut;kacrut
pemkab;pemkab
terrisbaasyir;terrisbaasyir
agriculture;pertanian
amnmenang;amnmenang
masgbran;masgbran
negative;negatif
jntc;jntc
komersil;komersil
penghianatan;penghianatan
visions;visions
yonif;yonif
seliwerun;seliwerun
ketidakadilan;ketidakadilan
memenamgkan;memenamgkan
terzolimi;terzolimi
makassar;makassar
bringing;bringing
samirin;samirin
palestinians;palestinians
netijen;netijen
stability;stabilitas
billy;billy
andre;andre
gurbernur;gurbernur
clingak;clingak
kampenye;kampenye
saved;disimpan
perencanaanya;perencanaanya
dedynurpalakka;dedynurpalakka
ngadunya;ngadunya
stelah;stelah
dibully;dibully
bacapres;bacapres
narkosun;narkosun
armed;bersenjata
ngira;ngira
ngakak;ngakak
dibandingin;dibandingin
orangutan;orang utan
brkualitas;brkualitas
ketidakpahaman;ketidakpahaman
nation;bangsa
antarcapres;antarcapres
ngemis;ngemis
tiktok;tiktok
bowok;bowok
satyam;satyam
jebolin;jebolin
nitip;nitip
ditakedown;ditakedown
jejknya;jejknya
aalamiin;aalamiin
kiki;kiki
ancient;kuno
holistik;holistik
cendikiawan;cendikiawan
memed;memed
lobang;lobang
ireng;ireng
chalik;chalik
match;korek api
banner;panji
ppatk;ppatk
ngerasa;ngerasa
maumenuju;maumenuju
levenia;levenia
pressoekarno;pressoekarno
proksi;proksi
anjirr;anjirr
linknya;linknya
pmbubaran;pmbubaran
corruption;korupsi
kirig;kirig
wkwkwkk;wkwkwkk
ngelihat;ngelihat
could;bisa
ngajimu;ngajimu
gercep;gercep
bulog;bulog
swingvoter;swingvoter
paspampres;paspampres
whatsapp;whatsapp
gatsu;gatsu
alhamdullilah;alhamdullilah
satunya;satunya
jazakallah;jazakallah
keyataannya;keyataannya
dipilpres;dipilpres
sma;sma
seakan;seakan
curhat;curhat
rp;rp
cuap;cuap
nganterin;nganterin
wahfiudin;wahfiudin
irwanka;irwanka
nunjukin;nunjukin
prescon;prescon
kokoh;kokoh
kemaknuran;kemaknuran
kontestasi;kontestasi
gubenur;gubenur
medsosmu;medsosmu
googling;googling
ready;siap
watch;menonton
adiknya;adiknya
national;nasional
gimik;gimik
chief;raja
marbot;marbot
nafas;nafas
ngeles;ngeles
swing;ayun
ejanji;ejanji
golden;golden
gakpapa;gakpapa
sikaatt;sikaatt
ngaku;ngaku
detiknews;detiknews
mengukapkan;mengukapkan
atiqoh;atiqoh
kitapakbw;kitapakbw
ceuna;ceuna
karangan;karangan
opressed;opressed
korpri;korpri
jason;jason
political;politik
concerned;prihatin
mitrapol;mitrapol
basri;basri
youtuber;youtuber
robbal;robbal
sumut;sumut
sta;sta
humanity;kemanusiaan
bewara;bewara
kartini;kartini
mocking;mocking
mngoreksi;mngoreksi
memberi;memberi
rohman;rohman
keyword;keyword
kaltim;kaltim
suroso;suroso
minangkabo;minangkabo
harmless;berbahaya
bekerjasama;bekerjasama
naikin;naikin
atempodotco;atempodotco
lazarus;lazarus
fiasco;kegagalan
grace;rahmat
bertubi;bertubi
risafel;risafel
nakutin;nakutin
kitaselaluada;kitaselaluada
stock;stok
monas;monas
miftah;miftah
thread;benang
approve;setuju
ragunan;ragunan
prabowonya;prabowonya
suppo;suppo
sumatra;sumatera
ngeliat;ngeliat
arini;arini
prbawo;prbawo
jogjakarta;jogjakarta
jnx;jnx
jawapos;jawapos
ngerasain;ngerasain
chudai;chudai
fairness;keadilan
yangterbaik;yangterbaik
dijelaain;dijelaain
politikny;politikny
ketidakbecusan;ketidakbecusan
untukindonesia;untukindonesia
mirzani;mirzani
golkar;golkar
pondasi;pondasi
diforward;diforward
sukmonohadi;sukmonohadi
jerusalem;jerusalem
seems;seems
gusdur;gusdur
purnomo;purnomo
tweet;menciak
jnyd;jnyd
depok;depok
kafirr;kafirr
ngegoblokin;ngegoblokin
internet;internet
dufan;dufan
menginspirasi;menginspirasi
napak;napak
government;pemerintah
austalia;austalia
mengikutin;mengikutin
player;pemain
indramayu;indramayu
redefine;mendefinisikan
jakhabitat;jakhabitat
agushamra;agushamra
timingnya;timingnya
viralkan;viralkan
behavior;perilaku
judge;hakim
route;rute
bobon;bobon
jan;jan
darijabar;darijabar
gemoysian;gemoysian
bhkan;bhkan
capre;capre
kharismatik;kharismatik
frame;bingkai
karir;karir
adalahkita;adalahkita
ingannya;ingannya
udubilah;udubilah
honest;jujur
batalin;batalin
bossnya;bossnya
bersebrangan;bersebrangan
mimpin;mimpin
kencintaanya;kencintaanya
version;versi
permalasahan;permalasahan
uchiwanya;uchiwanya
phobia;phobia
lemecsh;lemecsh
kaesang;kaesang
buanyaakk;buanyaakk
diposting;diposting
parte;parte
produce;menghasilkan
becik;becik
bozz;bozz
leimena;leimena
dimksd;dimksd
laporin;laporin
pemikiran;pemikiran
sumedang;sumedang
kemer;kemer
experience;mengalami
letoy;letoy
istora;istora
susilo;susilo
dibuat;dibuat
heheheh;heheheh
pontianak;pontianak
mangkoso;mangkoso
abraham;abraham
josep;josep
massif;massif
treshold;treshold
pertanyaan;pertanyaan
transportas;transportas
sides;sisi
screencapture;screencapture
muhyiddin;muhyiddin
santoso;santoso
topic;topik
bliau;bliau
ngajarin;ngajarin
pembanguan;pembanguan
dinyinyirin;dinyinyirin
thvhoca;thvhoca
wlaupun;wlaupun
resto;resto
ambilb;ambilb
inssalh;inssalh
jnax;jnax
waitt;waitt
declare;menyatakan
bobby;bobby
bungulnya;bungulnya
lanjutgansemuakerja;lanjutgansemuakerja
chairman;ketua
charta;charta
harmony;keselarasan
pertanggungjawabannya;pertanggungjawabannya
tarigan;tarigan
qodari;qodari
kejadian;kejadian
ketimpanan;ketimpanan
salafiyah;salafiyah
bloomberg;bloomberg
jama;jama
kedzaliman;kedzaliman
gelanggan;gelanggan
remember;ingat
inilaj;inilaj
pragib;pragib
press;peras
mustamar;mustamar
karyawannya;karyawannya
pilkada;pilkada
ysne;ysne
madura;madura
nasdem;nasdem
ortunya;ortunya
ngacak;ngacak
blundernya;blundernya
teddgus;teddgus
goblog;goblog
climate;iklim
dibaiayai;dibaiayai
republika;republika
sadad;sadad
cawapresmu;cawapresmu
gukmin;gukmin
kapasita;kapasita
presented;presented
numpuk;numpuk
ngehapus;ngehapus
disimpen;disimpen
yasudah;yasudah
sholawat;sholawat
zarry;zarry
terjerembab;terjerembab
fattah;fattah
edward;edward
mainstream;mainstream
otoritarianisme;otoritarianisme
antarwarga;antarwarga
sleman;sleman
nasbi;nasbi
analisa;analisa
critical;kritis
outsourcing;outsourcing
ahoker;ahoker
ndasmu;ndasmu
argument;argumen
komennya;komennya
tinghoa;tinghoa
lamongan;lamongan
drone;dengung
sedangkankan;sedangkankan
count;hitung
kenuan;kenuan
javasentris;javasentris
gmpng;gmpng
textbook;buku pelajaran
blitar;blitar
kokam;kokam
champion;juara
amarahnya;amarahnya
kekuasaanya;kekuasaanya
know;tahu
lakuin;lakuin
artikulsi;artikulsi
content;puas
swafoto;swafoto
pastiin;pastiin
ciremai;ciremai
pertahanan;pertahanan
sekalig;sekalig
publish;menerbitkan
umroh;umroh
aparheid;aparheid
ditwitter;ditwitter
victim;korban
rektorat;rektorat
breaking;melanggar
gories;gories
agusyudhoyono;agusyudhoyono
island;pulau
kalahin;kalahin
kerika;kerika
dimana;dimana
rhadap;rhadap
kemensos;kemensos
gajelas;gajelas
malqh;malqh
slank;miring
urrangawak;urrangawak
ngalamin;ngalamin
qpcam;qpcam
controversial;kontroversial
pengalamanmu;pengalamanmu
nimbang;nimbang
konkrit;konkrit
merka;merka
bagaskoro;bagaskoro
tulodo;tulodo
idealism;idealisme
minangkabau;minangkabau
among;antara
opening;mulut
dardak;dardak
banyuwangi;banyuwangi
komplit;komplit
played;played
purworejo;purworejo
deklair;deklair
partisipatif;partisipatif
ngerti;ngerti
jampang;jampang
dihimbau;dihimbau
david;david
trigger;pelatuk
sumarsih;sumarsih
dayak;dayak
alpahankam;alpahankam
supir;supir
sniper;sniper
greenpeace;greenpeace
faeni;faeni
bisanya;bisanya
trainee;peserta pelatihan
raharjo;raharjo
debate;debat
kirdi;kirdi
menggeruduk;menggeruduk
attacked;attacked
kenerja;kenerja
diiming;diiming
tabaraqallah;tabaraqallah
irrational;irasional
bberapa;bberapa
province;propinsi
kurnia;kurnia
percontoan;percontoan
pembangunan;pembangunan
suparna;suparna
wijayanto;wijayanto
goganjargo;goganjargo
grassro;grassro
jnke;jnke
mensejahterkan;mensejahterkan
nepoatisme;nepoatisme
dipake;dipake
syahganda;syahganda
jambi;jambi
nanam;nanam
hesti;hesti
untapped;belum dimanfaatkan
bgini;bgini
tiongkok;tiongkok
feminism;feminisme
murder;pembunuhan
plongo;plongo
nggih;nggih
gembrong;gembrong
shahih;shahih
thukul;thukul
posyandu;posyandu
generasigotongroyong;generasigotongroyong
baikpakbowo;baikpakbowo
gurem;gurem
khofifah;khofifah
karbitan;karbitan
private;swasta
nginceng;nginceng
khawarij;khawarij
memaprkn;memaprkn
tagner;tagner
makah;makah
awkwkkw;awkwkkw
diktaktor;diktaktor
gaslight;lampu gas
gasadar;gasadar
literasi;literasi
nyoblos;nyoblos
marwah;marwah
sgala;sgala
selawase;selawase
sklompok;sklompok
neruin;neruin
polibag;polibag
puasin;puasin
otlet;otlet
rhoma;rhoma
aquarium;akuarium
psychological;psikologis
tambahin;tambahin
masji;masji
rohingya;rohingya
visimisi;visimisi
brawijaya;brawijaya
lukistianto;lukistianto
ndasin;ndasin
gurutta;gurutta
menangkang;menangkang
looking;melihat
hehehe;hehehe
tweeps;tweeps
unforgettable;tak terlupakan
sebagai;sebagai
mitanews;mitanews
sitomorang;sitomorang
management;direksi
bangu;bangu
distrust;ketidakpercayaan
reachable;terjangkau
twitter;twitter
ngejar;ngejar
menag;menag
masing;masing
elektoral;elektoral
slesai;slesai
bantuin;bantuin
penduking;penduking
lahin;lahin
kalteng;kalteng
dahniel;dahniel
terusengalir;terusengalir
goenawan;goenawan
citarasa;citarasa
suplement;suplement
potential;potensi
kesimpula;kesimpula
boyolali;boyolali
bustami;bustami
situmorang;situmorang
advertorial;advertorial
prabowo;prabowo
ending;akhir
cikarang;cikarang
agribisnis;agribisnis
cooling;pendingin
yakinin;yakinin
ditandatangani;ditandatangani
shopee;shopee
above;atas
booming;booming
nyamar;nyamar
mengetroll;mengetroll
sembakonya;sembakonya
kerjasama;kerjasama
potonya;potonya
penyalahgunaan;penyalahgunaan
mahendra;mahendra
south;selatan
hapsoro;hapsoro
nangisin;nangisin
kapolri;kapolri
temuin;temuin
awards;awards
jaauuhh;jaauuhh
metrotvnews;metrotvnews
yourself;dirimu
mensuppo;mensuppo
karepmu;karepmu
ngrasa;ngrasa
antirasuah;antirasuah
abdul;abdul
hahaha;hahaha
healing;penyembuhan
jogja;jogja
jnd;jnd
naudzubillaah;naudzubillaah
impo;impo
fight;berkelahi
diskominfotik;diskominfotik
kathiri;kathiri
berjoged;berjoged
skill;keahlian
morowali;morowali
financial;keuangan
okegass;okegass
kudet;kudet
using;using
kekawatiran;kekawatiran
shalat;shalat
menko;menko
pasutri;pasutri
keinget;keinget
pakistan;pakistan
hopes;hopes
probowo;probowo
mempertanyakn;mempertanyakn
sasageyo;sasageyo
nyinggung;nyinggung
sambel;sambel
taruni;taruni
genzi;genzi
disamain;disamain
senayan;senayan
bekutik;bekutik
elkayeni;elkayeni
undangan;undangan
felix;felix
probadi;probadi
bless;berkat
inatxysn;inatxysn
pembukaman;pembukaman
ngehajar;ngehajar
sperti;sperti
trbaik;trbaik
carol;carol
multikultural;multikultural
nambang;nambang
mslhnya;mslhnya
abal;abal
posko;posko
steel;baja
marahin;marahin
gatisin;gatisin
staff;tongkat
buttom;buttom
ketidakpastian;ketidakpastian
kmren;kmren
youth;pemuda
efkswmxca;efkswmxca
ngelihatnya;ngelihatnya
welfare;kesejahteraan
nyadar;nyadar
pantura;pantura
sholawatan;sholawatan
ngasih;ngasih
intimidatif;intimidatif
manies;manies
untukpragibs;untukpragibs
kebtuhan;kebtuhan
maayarakat;maayarakat
jnbx;jnbx
ruhimat;ruhimat
pasifik;pasifik
ketidaksukaanku;ketidaksukaanku
opung;opung
nkj;nkj
bonaparte;bonaparte
pamulang;pamulang
hubungi;hubungi
banten;banten
tumbler;tumbler
banyakin;banyakin
gebukin;gebukin
antam;antam
takedownnya;takedownnya
dibawa;dibawa
veraagustian;veraagustian
aniesbubble;aniesbubble
kajitow;kajitow
password;kata sandi
beberin;beberin
cemana;cemana
lainyya;lainyya
tidore;tidore
neoliberal;neoliberal
deserve;layak
mirage;mirage
kemasalahatan;kemasalahatan
pemkot;pemkot
niesomonpalsu;niesomonpalsu
putin;putin
track;melacak
blusukannya;blusukannya
musti;musti
siregar;siregar
pdemokrat;pdemokrat
mohmahfudmd;mohmahfudmd
alfred;alfred
natalius;natalius
adults;adults
benerannya;benerannya
thomas;thomas
lhkpn;lhkpn
retwit;retwit
ndase;ndase
nyawapres;nyawapres
cilegon;cilegon
melontoarkan;melontoarkan
crimes;crimes
ngefans;ngefans
ansor;ansor
prabs;prabs
varziimvp;varziimvp
mancing;mancing
coblospks;coblospks
ciamik;ciamik
singapura;singapura
petcahh;petcahh
gangguan;gangguan
struick;struick
booster;booster
gxblxk;gxblxk
speechless;speechless
injury;cedera
sudirman;sudirman
kaltara;kaltara
sarbini;sarbini
idolnya;idolnya
kedengeran;kedengeran
konsilidasi;konsilidasi
locker;locker
nyambung;nyambung
bnern;bnern
pilrpes;pilrpes
dishub;dishub
recent;baru saja
presidential;presidensial
projo;projo
hashim;hashim
orangtua;orangtua
rhomais;rhomais
subianto;subianto
menginisi;menginisi
titipkankerukunan;titipkankerukunan
expected;expected
marcos;marcos
minjem;minjem
chuaks;chuaks
ovation;ovation
caffe;caffe
captain;kapten
logic;logika
kunir;kunir
wanti;wanti
banwaslu;banwaslu
sukoharjo;sukoharjo
beneran;beneran
ngadepin;ngadepin
caramel;karamel
rahakundini;rahakundini
ciptaker;ciptaker
milihpakbowo;milihpakbowo
mnding;mnding
rstmbcl;rstmbcl
beginning;awal
gasspol;gasspol
raie;raie
delete;menghapus
knapa;knapa
clothe;pakaian
jayate;jayate
mdmahfudrebound;mdmahfudrebound
parpol;parpol
ishikawa;ishikawa
bandingin;bandingin
rubbish;sampah
banyumas;banyumas
creyqserqs;creyqserqs
ramandhani;ramandhani
interest;minat
asbun;asbun
activists;activists
jgnkan;jgnkan
pulpres;pulpres
prepared;siap
menbumn;menbumn
ngeblok;ngeblok
asiknya;asiknya
hadeeh;hadeeh
kemendikbud;kemendikbud
cenderamata;cenderamata
waah;waah
nahdliyyin;nahdliyyin
brooks;brooks
shinzou;shinzou
ngeselin;ngeselin
completely;habis
nyaa;nyaa
segambreng;segambreng
setidaknya;setidaknya
anyway;anyway
allaahuakbar;allaahuakbar
torang;torang
indones;indones
mardani;mardani
satset;satset
wijatmoko;wijatmoko
diseriusin;diseriusin
gentile;gentile
naker;naker
hafid;hafid
siprianus;siprianus
conveying;conveying
shock;syok
adaro;adaro
gaenak;gaenak
nyogok;nyogok
thahir;thahir
nagita;nagita
an;dan
bella;bella
nickel;nikel
parawansa;parawansa
milyar;milyar
ukraina;ukraina
rusia;rusia
nayain;nayain
nevertheless;tetapi
letjen;letjen
assistance;bantuan
haikal;haikal
replies;replies
nurhadi;nurhadi
hatipakbowo;hatipakbowo
menlu;menlu
koentji;koentji
siagian;siagian
londo;londo
diservice;diservice
angwar;angwar
latent;laten
jepang;jepang
gilaan;gilaan
backlash;reaksi
mengkawatirkan;mengkawatirkan
ernest;ernest
kitamasbowo;kitamasbowo
tenggelamkan;tenggelamkan
dissing;dissing
newsweek;newsweek
sprotiv;sprotiv
about;sekitar
