Kata Tidak Baku,Terjemahan
buzzer,bel
leading,terkemuka
polybag,polybag
purwakarta,purwakarta
resources,resources
bsalah,bsalah
mandela,mandela
sense,rasa
mahfud,mahfud
repetition,pengulangan
suwun,suwun
otopilot,otopilot
diwanti,diwanti
religion,agama
ngebor,ngebor
sekjen,sekjen
iqbal,iqbal
jubirnya,jubirnya
jonan,jonan
wapres,wapres
penerimaharapan,penerimaharapan
baksos,baksos
innocent,lugu
sebelh,sebelh
pemb,pemb
freind,freind
memberika,memberika
bingar,bingar
pilihprabowogibran,pilihprabowogibran
rafael,rafael
syaiful,syaiful
never,tidak pernah
dllnya,dllnya
leste,leste
startup,startup
genetik,genetik
connectin,connectin
canon,kanon
jnsk,jnsk
contract,kontrak
aswaja,aswaja
wilfrida,wilfrida
roasting,memanggang
sensitivity,sensitivitas
retno,retno
berterimakasih,berterimakasih
klompok,klompok
wewenang,wewenang
gumay,gumay
gblok,gblok
khoir,khoir
ngelike,ngelike
baswedan,baswedan
should,sebaiknya
askara,askara
simple,sederhana
rpe,rpe
ketahanan,ketahanan
diskualisifikasi,diskualisifikasi
mengogong,mengogong
question,pertanyaan
mcdonald,mcdonald
research,riset
banser,banser
saidah,saidah
dukungantulus,dukungantulus
refurbishment,renovasi
dibenerin,dibenerin
sblmnya,sblmnya
dinasty,dinasty
issue,masalah
sahroni,sahroni
space,antariksa
doorprize,doorprize
meminimalisir,meminimalisir
sadewo,sadewo
ayahbowogbran,ayahbowogbran
tanggerang,tanggerang
hhmm,hhmm
ghurem,ghurem
innovations,innovations
based,berbasis
suhada,suhada
krini,krini
msyrkt,msyrkt
napoleon,napoleon
pandampamungkas,pandampamungkas
ramein,ramein
rukum,rukum
pangandaran,pangandaran
danjen,danjen
amnkeun,amnkeun
chill,dingin
basuki,basuki
prilaku,prilaku
poskota,poskota
cringe,ngeri
hassan,hassan
nyeletuk,nyeletuk
pangarep,pangarep
bhakti,bhakti
jateng,jateng
syria,syria
bicaran,bicaran
marselino,marselino
rb,rb
fitur,fitur
peace,damai
tirto,tirto
nyatu,nyatu
beach,pantai
untukmasyarakat,untukmasyarakat
hingar,hingar
nyenggol,nyenggol
erick,erick
berfikir,berfikir
jnkao,jnkao
ganjab,ganjab
sucses,sucses
dsbnya,dsbnya
baitulloh,baitulloh
diviralkan,diviralkan
radikul,radikul
nyungsep,nyungsep
since,sejak
akhlakless,akhlakless
security,keamanan
ktnya,ktnya
ghufron,ghufron
mngatakan,mngatakan
agromaritim,agromaritim
wirausaha,wirausaha
trained,dilatih
fawzi,fawzi
jnuk,jnuk
rocky,rocky
iskandar,iskandar
rakorpimnas,rakorpimnas
sumringah,sumringah
block,halangi
dibattle,dibattle
boedi,boedi
nyimak,nyimak
input,masukan
mesrah,mesrah
playing,playing
nawarin,nawarin
ngapusi,ngapusi
pomolango,pomolango
sector,sektor
alhamdulilah,alhamdulilah
capres,capres
tribun,tribun
apologize,minta maaf
takmir,takmir
addressing,addressing
dibilan,dibilan
supporters,supporters
yordania,yordania
plihan,plihan
gerindra,gerindra
daliyo,daliyo
hamas,hamas
iara,iara
speak,berbicara
ngurus,ngurus
kesalahpahaman,kesalahpahaman
benny,benny
beckgroundnya,beckgroundnya
disembuny,disembuny
hendry,hendry
fan,kipas
jangung,jangung
maksa,maksa
china,cina
nikki,nikki
mapenduma,mapenduma
jnpj,jnpj
motpr,motpr
impikam,impikam
bullshit,bullshit
mocked,mocked
posting,posting
youtubenya,youtubenya
couple,pasang
jimly,jimly
gumelar,gumelar
daebak,daebak
wkwkwkwk,wkwkwkwk
asyghil,asyghil
great,hebat
criminal,kriminal
sumenep,sumenep
sruduk,sruduk
values,values
aside,samping
miners,miners
politics,politik
mongering,mongering
prodi,prodi
sulsel,sulsel
strategic,strategis
penghianat,penghianat
tunjukin,tunjukin
nahan,nahan
bilih,bilih
siber,siber
president,presiden
dipertimbankan,dipertimbankan
rieke,rieke
fishing,memancing
pantes,pantes
parung,parung
cebokin,cebokin
print,mencetak
ngasi,ngasi
nunduk,nunduk
changer,changer
maluin,maluin
older,anak remaja
radjiman,radjiman
ainunnajib,ainunnajib
perie,perie
ngebangun,ngebangun
ngotot,ngotot
atambua,atambua
movement,gerakan
dydyaa,dydyaa
mudahan,mudahan
blunder,kesalahan
pedekate,pedekate
julidin,julidin
bazaar,bazar
surabaya,surabaya
malioboro,malioboro
behaved,behaved
pemilu,pemilu
retweet,retweet
orbong,orbong
entertaining,menghibur
social,sosial
berstatmen,berstatmen
provincial,provinsi
ganjarr,ganjarr
menyakini,menyakini
nantangin,nantangin
soldiers,soldiers
restoratif,restoratif
leontinus,leontinus
square,lapangan
denial,penyangkalan
kitakeren,kitakeren
mengunakan,mengunakan
merauke,merauke
minutes,minutes
tebet,tebet
screenshot,screenshot
crisis,krisis
ngirim,ngirim
sianies,sianies
emotional,emosional
opinion,pendapat
oxford,oxford
swallow,menelan
jauuhh,jauuhh
kumpulin,kumpulin
bakrie,bakrie
bertanya,bertanya
place,tempat
matian,matian
detikcom,detikcom
goebbels,goebbels
ngacaa,ngacaa
bukittinggi,bukittinggi
denpasar,denpasar
gobel,gobel
mengupgrade,mengupgrade
fetched,diambil
sumsel,sumsel
sikutu,sikutu
lasso,lasso
bagiin,bagiin
bonafid,bonafid
quite,cukup
polibak,polibak
komika,komika
streaming,streaming
water,air
yaqut,yaqut
israelpun,israelpun
conference,konferensi
cyber,cyber
jnab,jnab
admin,admin
rebranding,rebranding
brsatu,brsatu
gameover,gameover
indon,indon
kdt,kdt
abuya,abuya
tiktokers,tiktokers
pigai,pigai
khabar,khabar
diframing,diframing
pilihe,pilihe
glorifikasi,glorifikasi
menandatangani,menandatangani
konghucu,konghucu
everything,segala sesuatu
madiun,madiun
phsicology,phsicology
popers,popers
disebutin,disebutin
boomerang,bumerang
rakabuming,rakabuming
persetruan,persetruan
sempet,sempet
recreate,menciptakan
vidio,vidio
biasaa,biasaa
damin,damin
megang,megang
unhas,unhas
maauk,maauk
giant,raksasa
yespakbowo,yespakbowo
address,alamat
sanusi,sanusi
memframing,memframing
picara,picara
parengan,parengan
sebaga,sebaga
tanggungjawab,tanggungjawab
innalilahi,innalilahi
nggandeng,nggandeng
kenegarwanan,kenegarwanan
aminajadulu,aminajadulu
jelasin,jelasin
gimmick,gimmick
ngajak,ngajak
dhani,dhani
edison,edison
snowball,bola salju
anugrah,anugrah
kasihin,kasihin
mahmudiyyah,mahmudiyyah
mikirin,mikirin
simply,hanya
hasto,hasto
gabisa,gabisa
ricky,ricky
ditjen,ditjen
alfarisi,alfarisi
cokk,cokk
bhinneka,bhinneka
diminimlisir,diminimlisir
zubir,zubir
mangrove,bakau
brigjen,brigjen
janjiin,janjiin
wartakota,wartakota
gokil,gokil
islamophobic,islamophobic
undecided,ragu
amiin,amiin
inspirator,inspirator
kitatetap,kitatetap
qobulkan,qobulkan
rebound,rebound
sappo,sappo
tulungagung,tulungagung
bahrain,bahrain
jagain,jagain
hamdan,hamdan
himbauan,himbauan
meteng,meteng
tentornya,tentornya
penghargaan,penghargaan
listyo,listyo
fahri,fahri
salawatan,salawatan
skaligus,skaligus
menhan,menhan
strongly,sangat
exponen,exponen
korean,korean
reaktivasi,reaktivasi
panjenengan,panjenengan
dipublish,dipublish
dihadang,dihadang
yupss,yupss
keamanan,keamanan
masyaallah,masyaallah
mendzolimi,mendzolimi
hoax,hoax
bodoamat,bodoamat
detikfinance,detikfinance
bosque,bosque
et,et
pilpres,pilpres
polda,polda
motong,motong
berhadapan,berhadapan
disalahin,disalahin
encountered,encountered
lovely,indah
perushaan,perushaan
bpupki,bpupki
mukul,mukul
timsesnya,timsesnya
pinguin,pinguin
kenyah,kenyah
perpusnas,perpusnas
tangkep,tangkep
cimala,cimala
imagine,kira
ngecak,ngecak
zoelva,zoelva
faisal,faisal
timor,timor
sinpo,sinpo
mission,tugas
jumlahny,jumlahny
asked,asked
kompastv,kompastv
jompu,jompu
berstatemen,berstatemen
timses,timses
trials,trials
muzakir,muzakir
wkwkwkkw,wkwkwkkw
posturing,posturing
majalengka,majalengka
eitss,eitss
millenials,millenials
ngerespon,ngerespon
satpol,satpol
bansos,bansos
fahamlah,fahamlah
property,harta benda
terangan,terangan
contrack,contrack
omonomon,omonomon
rocks,rocks
analisanya,analisanya
naqsabandiyah,naqsabandiyah
listens,listens
debest,debest
keseimpulan,keseimpulan
nuhun,nuhun
gadget,gadget
mulyanto,mulyanto
transpo,transpo
sthevannys,sthevannys
ngekos,ngekos
pembebesan,pembebesan
ngebuka,ngebuka
marapi,marapi
berkarir,berkarir
sengklek,sengklek
walapun,walapun
ketidaknetralan,ketidaknetralan
samudera,samudera
diartiin,diartiin
mualem,mualem
widodo,widodo
cibadak,cibadak
extended,diperpanjang
dimoderenisasi,dimoderenisasi
masal,masal
adzan,adzan
mnjadi,mnjadi
ngontrak,ngontrak
tanjungmekar,tanjungmekar
imigrant,imigrant
nenangga,nenangga
keluarin,keluarin
pilihankita,pilihankita
cemen,cemen
nyangka,nyangka
nyontek,nyontek
problema,problema
uzbekistan,uzbekistan
epitomenya,epitomenya
hphnya,hphnya
ngene,ngene
ampuun,ampuun
wulandari,wulandari
hamka,hamka
bravo,bravo
elaboratif,elaboratif
milihtulusnya,milihtulusnya
dhuafa,dhuafa
rizal,rizal
bolott,bolott
sngat,sngat
demanding,menuntut
after,sesudah
gbranpasti,gbranpasti
didenger,didenger
aryoko,aryoko
berhentipan,berhentipan
crying,menangis
zayyan,zayyan
ditindaklanjuti,ditindaklanjuti
kampanyein,kampanyein
ngolok,ngolok
jnv,jnv
rukan,rukan
foods,foods
otsus,otsus
clear,jelas
dibilangin,dibilangin
enjadi,enjadi
thoillah,thoillah
diapain,diapain
alpha,alpha
biayain,biayain
agree,setuju
hotman,hotman
dijulidin,dijulidin
armaments,armaments
henusa,henusa
kodim,kodim
taqdir,taqdir
ponorogo,ponorogo
hetero,hetero
amien,amien
straightforward,sederhana
perform,melakukan
pamekasan,pamekasan
kenegarawanan,kenegarawanan
identtas,identtas
browsing,browsing
sahid,sahid
keikutsertaan,keikutsertaan
chiki,chiki
supporting,mendukung
unhan,unhan
malming,malming
understanding,pengertian
station,setasiun
respon,respon
bapernya,bapernya
niretika,niretika
gentanyangan,gentanyangan
sebenernya,sebenernya
kemenhan,kemenhan
mempertanggungjawabkan,mempertanggungjawabkan
erasigotongroyong,erasigotongroyong
jendral,jendral
leaders,leaders
definetly,definetly
kpoppers,kpoppers
integrator,integrator
palingtepat,palingtepat
andrejanuar,andrejanuar
wwii,wwii
black,hitam
asatidz,asatidz
ngucapin,ngucapin
angandaran,angandaran
wonosalam,wonosalam
perspective,perspektif
policy,kebijakan
jogging,jogging
rounder,bulat
ica,ica
jusuf,jusuf
sandiaga,sandiaga
parliament,parlemen
nunggu,nunggu
jelekin,jelekin
hayoo,hayoo
thinks,thinks
vokasi,vokasi
korea,korea
prabroro,prabroro
kadin,kadin
arief,arief
battle,pertempuran
neutrality,netralitas
candidates,candidates
ngebacot,ngebacot
deket,deket
ijtima,ijtima
rudiantara,rudiantara
independensi,independensi
paslon,paslon
trunoyudo,trunoyudo
perlunyanya,perlunyanya
driver,pengemudi
ngang,ngang
image,citra
karanganyar,karanganyar
effect,efek
batam,batam
inspiratif,inspiratif
denny,denny
neriakin,neriakin
pilgub,pilgub
kereen,kereen
lesat,lesat
pramono,pramono
qatar,qatar
batch,batch
aamin,aamin
paramadina,paramadina
panass,panass
baitul,baitul
sekda,sekda
ngajabarkeun,ngajabarkeun
masbowogibran,masbowogibran
duluan,duluan
yudhoyono,yudhoyono
lauik,lauik
bargaining,bargaining
husada,husada
kadrun,kadrun
orias,orias
sumberdaya,sumberdaya
critically,kritis
citarum,citarum
procedural,prosedural
pranowo,pranowo
ngatain,ngatain
memainlan,memainlan
kendari,kendari
tapanuli,tapanuli
rminan,rminan
papua,papua
nanem,nanem
merapihkan,merapihkan
those,itu
kajari,kajari
ns,ns
anime,anime
pikirin,pikirin
pasllon,pasllon
baiik,baiik
aniesfpi,aniesfpi
assegaf,assegaf
kopassus,kopassus
pendukung,pendukung
fears,fears
plate,piring
campaign,kampanye
underestimate,meremehkan
methods,methods
nolak,nolak
canvassing,canvassing
sipss,sipss
kredibel,kredibel
baper,baper
pronouns,pronouns
pelalawan,pelalawan
bajer,bajer
kompascom,kompascom
wiranto,wiranto
ngarso,ngarso
unlawful,melanggar hukum
rembug,rembug
musrenbang,musrenbang
gusmao,gusmao
kemlithak,kemlithak
magelang,magelang
rjnkx,rjnkx
ormas,ormas
halasan,halasan
ngelanjutin,ngelanjutin
treat,mengobati
kodam,kodam
mebgenai,mebgenai
wolak,wolak
cilacap,cilacap
difahami,difahami
jarul,jarul
palestine,palestine
memastikanditps,memastikanditps
search,mencari
setya,setya
renon,renon
akoteka,akoteka
padahl,padahl
gerlamata,gerlamata
kpoper,kpoper
hours,hours
ngetawain,ngetawain
industry,industri
tjahaja,tjahaja
umpatin,umpatin
somalia,somalia
prepare,mempersiapkan
bohir,bohir
assalamu,assalamu
karno,karno
ayahbowo,ayahbowo
their,mereka
ngetwit,ngetwit
young,muda
crazy,gila
papers,papers
ngadu,ngadu
ing,ing
ngangkat,ngangkat
shiddiq,shiddiq
kesalahan,kesalahan
center,pusat
youtube,youtube
komentarin,komentarin
mendag,mendag
educated,cendekia
mardiasih,mardiasih
michael,michael
sunda,sunda
nyari,nyari
menggarisbawahi,menggarisbawahi
mataram,mataram
illegal,ilegal
gasspoll,gasspoll
kalimantan,kalimantan
digorontalo,digorontalo
former,bekas
harun,harun
yogya,yogya
thrifting,thrifting
choices,choices
branding,branding
reading,membaca
stainless,stainless
children,children
gateway,gateway
konverternya,konverternya
ngibul,ngibul
menbatu,menbatu
sertifikattanah,sertifikattanah
pluralism,pluralisme
widjajanto,widjajanto
mahfudu,mahfudu
defensenya,defensenya
charge,dakwa
antonius,antonius
nelatan,nelatan
brunya,brunya
haechan,haechan
yaman,yaman
smelter,smelter
joged,joged
salahsatu,salahsatu
makkah,makkah
ndalem,ndalem
aspire,aspire
intansi,intansi
naive,naif
kitamuda,kitamuda
jogoloyo,jogoloyo
sesimple,sesimple
trini,trini
flying,terbang
antitoleransi,antitoleransi
ngancem,ngancem
bismillahirrahmanirrahim,bismillahirrahmanirrahim
khilafah,khilafah
local,lokal
questions,questions
dipuji,dipuji
rifan,rifan
voter,pemilih
stand,berdiri
terkaing,terkaing
notice,memperhatikan
orce,orce
freedom,kebebasan
yee,yee
officer,opsir
seolah,seolah
buzer,buzer
pendawa,pendawa
fatsum,fatsum
closedoors,closedoors
ngumpul,ngumpul
dangbran,dangbran
happens,happens
menyebarluaskan,menyebarluaskan
would,akan
beiqnhxqr,beiqnhxqr
salute,hormat
gwanhee,gwanhee
engage,terlibat
instead,sebaliknya
acehpun,acehpun
aeange,aeange
mayoitas,mayoitas
menham,menham
tegalega,tegalega
rohingnya,rohingnya
risma,risma
kingdom,kerajaan
marvel,marvel
nanyain,nanyain
gerakin,gerakin
xd,xd
kabid,kabid
panitya,panitya
betawi,betawi
ngejatuhin,ngejatuhin
sahabatganjar,sahabatganjar
selandia,selandia
kebahagian,kebahagian
rachmat,rachmat
asnawi,asnawi
sosmed,sosmed
terdzalimi,terdzalimi
anies,anies
membenani,membenani
notch,takik
ajee,ajee
misleading,menyesatkan
salman,salman
kapable,kapable
musuhin,musuhin
deliver,memberikan
integrated,integrated
ngedeketin,ngedeketin
thamrin,thamrin
puzzel,puzzel
buffering,buffering
belio,belio
berparpol,berparpol
bubble,gelembung
shame,malu
jabodetabek,jabodetabek
keanekaragaman,keanekaragaman
manggarai,manggarai
mreka,mreka
mandeville,mandeville
mmbuktikan,mmbuktikan
technokrat,technokrat
cicalengka,cicalengka
mohammad,mohammad
tough,keras
agropolitan,agropolitan
humanies,humanies
comeback,comeback
mamatgs,mamatgs
ngosan,ngosan
thing,barang
katro,katro
oohh,oohh
cards,cards
diinvite,diinvite
dispatch,pengiriman
malin,malin
india,india
sitinjau,sitinjau
pamphlet,pamflet
fadli,fadli
ijinnya,ijinnya
walike,walike
suciwati,suciwati
lemhanas,lemhanas
force,paksa
balikpapan,balikpapan
ngesetting,ngesetting
jelaskn,jelaskn
milenia,milenia
jnc,jnc
lactose,laktosa
george,george
susenas,susenas
pemimimpin,pemimimpin
insider,insider
sprti,sprti
videoin,videoin
gasih,gasih
jnkd,jnkd
telegroup,telegroup
hpnya,hpnya
feelingnya,feelingnya
ngehe,ngehe
masang,masang
securty,securty
yogyakarta,yogyakarta
rosiade,rosiade
ketmu,ketmu
sutiyoso,sutiyoso
menkeu,menkeu
chaniago,chaniago
jna,jna
nganjuk,nganjuk
rengasdengklok,rengasdengklok
nothing,tidak apa-apa
aziziyah,aziziyah
ijinin,ijinin
occupation,kerja
change,ubah
sbgmn,sbgmn
membrantas,membrantas
johnny,johnny
semangaat,semangaat
purbalingga,purbalingga
feels,feels
perindo,perindo
memuja,memuja
istiqosah,istiqosah
najwa,najwa
aliyyah,aliyyah
powernya,powernya
combo,combo
soeharto,soeharto
zulhas,zulhas
carlos,carlos
uniting,menyatukan
trlahir,trlahir
trirengga,trirengga
nainggolan,nainggolan
kenyataanya,kenyataanya
ngorbanin,ngorbanin
gimna,gimna
sebuah,sebuah
blusukan,blusukan
iyeth,iyeth
koprasi,koprasi
datanesia,datanesia
srimulat,srimulat
devy,devy
tuntutan,tuntutan
biden,biden
jnkbf,jnkbf
dramatisir,dramatisir
landmark,landmark
furong,furong
cou,cou
equal,sama
luring,luring
backgroundnya,backgroundnya
wapresnya,wapresnya
allowed,allowed
muaro,muaro
ormek,ormek
hasim,hasim
lebay,lebay
coming,kedatangan
payment,pembayaran
jabatanya,jabatanya
outing,tamasya
cakin,cakin
appreciate,menghargai
belepotan,belepotan
aditama,aditama
mulyo,mulyo
tetapsabar,tetapsabar
outlier,pencilan
daring,berani
quote,kutipan
bandarin,bandarin
astagaa,astagaa
jnwj,jnwj
inkindo,inkindo
roeslani,roeslani
several,beberapa
anjay,anjay
ekslusif,ekslusif
baswaslu,baswaslu
nyebut,nyebut
semuakerja,semuakerja
brebes,brebes
ditingkatin,ditingkatin
lingkaran,lingkaran
kristiyanto,kristiyanto
mistakes,mistakes
sptbnwo,sptbnwo
detikjateng,detikjateng
tiktoknya,tiktoknya
twips,twips
solutif,solutif
baiturrahman,baiturrahman
jnxe,jnxe
gaspoll,gaspoll
ngumumin,ngumumin
pengalaman,pengalaman
angkot,angkot
fastest,fastest
counter,konter
basie,basie
lingkunga,lingkunga
yopora,yopora
pastikanmenang,pastikanmenang
maruar,maruar
metia,metia
learn,belajar
massive,besar
coblose,coblose
ustadz,ustadz
ngulik,ngulik
pager,pager
gunshop,toko senjata
paramida,paramida
ditakutin,ditakutin
insyaa,insyaa
bareskrim,bareskrim
mensupply,mensupply
dikarang,dikarang
iming,iming
predictor,prediktor
offensive,menyinggung
tried,mencoba
samsul,samsul
mnunjang,mnunjang
ketikadiserang,ketikadiserang
wedyodiningrat,wedyodiningrat
nyambungnya,nyambungnya
ngambek,ngambek
tonight,malam ini
cirebon,cirebon
ketidaktahuan,ketidaktahuan
menangkan,menangkan
trnyata,trnyata
burning,terbakar
bantul,bantul
nonton,nonton
environment,lingkungan
achtung,achtung
akhirnyaa,akhirnyaa
serahkn,serahkn
candidate,calon
hadhrami,hadhrami
kebersamaan,kebersamaan
ngerantau,ngerantau
omone,omone
adams,adams
organize,mengatur
didzalimi,didzalimi
babinsa,babinsa
woman,wanita
aiman,aiman
questioned,questioned
sepakbola,sepakbola
estate,estate
aksesbilitas,aksesbilitas
testimoni,testimoni
alutsista,alutsista
nerusin,nerusin
luhut,luhut
hartarto,hartarto
diceraiin,diceraiin
trolling,trolling
konprehensif,konprehensif
endonesia,endonesia
penertiban,penertiban
store,toko
gelarny,gelarny
challenging,challenging
ngomongin,ngomongin
metrotv,metrotv
neutral,netral
harder,sulit
website,website
baratmahfud,baratmahfud
singkawang,singkawang
farhati,farhati
tohh,tohh
catchy,menarik
balita,balita
somad,somad
changed,changed
tasikmalaya,tasikmalaya
beritau,beritau
meutya,meutya
gaizz,gaizz
isekarangganjar,isekarangganjar
frequently,sering
pdi,pdi
memabngun,memabngun
increase,tambah
alusista,alusista
ordal,ordal
disdik,disdik
merespon,merespon
nusron,nusron
kelebiha,kelebiha
ujungnya,ujungnya
barus,barus
ngobok,ngobok
truth,kebenaran
tempodotco,tempodotco
lobby,lobi
dikondisiksn,dikondisiksn
bugis,bugis
suriah,suriah
agrinas,agrinas
mulyani,mulyani
etznytunp,etznytunp
palanggaran,palanggaran
projectnya,projectnya
milih,milih
literasinya,literasinya
bolompapueng,bolompapueng
mencle,mencle
disinylir,disinylir
ditaro,ditaro
adisucipto,adisucipto
mohamed,mohamed
satsiber,satsiber
berkomeptisi,berkomeptisi
ethics,etika
repost,repost
dilaksankan,dilaksankan
nyalahin,nyalahin
hehehehe,hehehehe
trust,percaya
bikinadem,bikinadem
salfok,salfok
mabes,mabes
kesejahteraan,kesejahteraan
rakyatsenang,rakyatsenang
choco,choco
flamed,menyala
viewsnya,viewsnya
genocide,genosida
colonialisme,colonialisme
nasution,nasution
reconcile,mendamaikan
chaos,kekacauan
casanofa,casanofa
military,militer
gimanapun,gimanapun
dianggep,dianggep
review,resensi
copras,copras
bomatlah,bomatlah
mohamad,mohamad
unduk,unduk
kaisang,kaisang
amerika,amerika
calling,memanggil
ngehasut,ngehasut
nakut,nakut
tugiman,tugiman
supriatna,supriatna
toefl,toefl
commitment,komitmen
malaysia,malaysia
meritokrasi,meritokrasi
thariq,thariq
palembang,palembang
dijanjiin,dijanjiin
realita,realita
mengupload,mengupload
rakyatmau,rakyatmau
chiko,chiko
ketidakhadiran,ketidakhadiran
tetiba,tetiba
ngingetin,ngingetin
fxnhwomm,fxnhwomm
humble,rendah hati
ddptkan,ddptkan
lgislatif,lgislatif
stress,stres
mizwar,mizwar
xanana,xanana
austin,austin
applause,tepuk tangan
blora,blora
nakes,nakes
ibukota,ibukota
feminist,feminis
expo,expo
portrayed,portrayed
hisyam,hisyam
kirain,kirain
konunikasi,konunikasi
listening,mendengarkan
smntra,smntra
carington,carington
hominem,hominem
plying,lapisan
anakku,anakku
income,pendapatan
insyaallah,insyaallah
ngendaliin,ngendaliin
sharing,sharing
sugito,sugito
influencer,pemberi pengaruh
trend,tren
tinggalin,tinggalin
pokoke,pokoke
location,tempat
pindad,pindad
milihmenang,milihmenang
dijadiin,dijadiin
netizens,netizens
mngmcam,mngmcam
country,negara
setiap,setiap
cilincing,cilincing
kriteri,kriteri
impactful,impactful
mboten,mboten
occupied,occupied
sukabumi,sukabumi
survey,survei
bombarded,bombarded
persija,persija
antony,antony
quick,cepat
nerotumilena,nerotumilena
having,having
suheru,suheru
tetang,tetang
grativikasi,grativikasi
otoritarian,otoritarian
kominfo,kominfo
ruaar,ruaar
hotline,hotline
nasty,jelek
jxcd,jxcd
gafud,gafud
titan,titan
tersandra,tersandra
kesatrian,kesatrian
mndukung,mndukung
muhammadiyah,muhammadiyah
semetinya,semetinya
tknnya,tknnya
compared,compared
sbelum,sbelum
istighosah,istighosah
adwinka,adwinka
market,pasar
alustita,alustita
sstt,sstt
supo,supo
dibuntutin,dibuntutin
aakurecqk,aakurecqk
ketidaksamaan,ketidaksamaan
diusirin,diusirin
meriksa,meriksa
baguus,baguus
daily,harian
distributed,didistribusikan
mengendorse,mengendorse
freemason,freemason
relation,hubungan
likes,likes
novanto,novanto
karenahati,karenahati
success,keberhasilan
nahdlatul,nahdlatul
warming,pemanasan
investment,investasi
nguyen,nguyen
henny,henny
dimarahin,dimarahin
rwaar,rwaar
surveynya,surveynya
shihab,shihab
patiunus,patiunus
better,lebih
yusak,yusak
friendster,friendster
islamic,islamic
sangarr,sangarr
dipapua,dipapua
earlier,earlier
resfons,resfons
yakan,yakan
pstinya,pstinya
syaikhu,syaikhu
tiand,tiand
marzuki,marzuki
arguments,arguments
trisakti,trisakti
afrika,afrika
nailing,memaku
makes,makes
hendropriyono,hendropriyono
jatim,jatim
wakanda,wakanda
dengerin,dengerin
alexis,alexis
kapabilitas,kapabilitas
terimakasih,terimakasih
double,dobel
hadhramaut,hadhramaut
terpanaa,terpanaa
taiwan,taiwan
mesir,mesir
menhannya,menhannya
ombudsman,ombudsman
brong,brong
milenial,milenial
seringkali,seringkali
sudaryono,sudaryono
sholeh,sholeh
imingi,imingi
prasetyo,prasetyo
garibaldi,garibaldi
seorg,seorg
yahya,yahya
kapendam,kapendam
digambarin,digambarin
lahh,lahh
cookk,cookk
diilaporin,diilaporin
tupoksinya,tupoksinya
exciting,menarik
nolong,nolong
jkrta,jkrta
kawatir,kawatir
tuntasin,tuntasin
pangudi,pangudi
kuasane,kuasane
permasalahn,permasalahn
personality,kepribadian
original,asli
australia,australia
coated,dilapisi
gimana,gimana
tahta,tahta
bawaslu,bawaslu
adabless,adabless
fatherless,tanpa ayah
airlangga,airlangga
members,members
together,bersama
dukungnnya,dukungnnya
mojokin,mojokin
christmas,christmas
jnyi,jnyi
komen,komen
ideas,ideas
izinnya,izinnya
biginilah,biginilah
kbijakan,kbijakan
barakallah,barakallah
muaahh,muaahh
nyamperin,nyamperin
muter,muter
pitaloka,pitaloka
selfie,selfie
masadepan,masadepan
jejang,jejang
anaknya,anaknya
qodir,qodir
koq,koq
yespasti,yespasti
arsyad,arsyad
diwakilin,diwakilin
forkopinda,forkopinda
aplgi,aplgi
tinggiuntuk,tinggiuntuk
leveling,meratakan
miras,miras
definitely,pasti
habaib,habaib
kluarga,kluarga
optimistic,optimis
ngungkapin,ngungkapin
natalie,natalie
cicing,cicing
surprised,surprised
nature,alam
midle,midle
sujatmiko,sujatmiko
mmnuhi,mmnuhi
wadas,wadas
bolonemase,bolonemase
damkar,damkar
saefulloh,saefulloh
covid,covid
nyeleksi,nyeleksi
cupsleeve,cupsleeve
wahh,wahh
hendro,hendro
cipinang,cipinang
khoirul,khoirul
sg,sg
nyertain,nyertain
madrid,madrid
tvonenews,tvonenews
biggest,terbesar
diplomatic,diplomatis
ekuador,ekuador
adalagi,adalagi
daycare,daycare
lanjutin,lanjutin
windows,windows
example,contoh
instagramnya,instagramnya
panislamisme,panislamisme
slide,luncur
khidupan,khidupan
indeed,memang
soloraya,soloraya
mdpranowopilihanumat,mdpranowopilihanumat
totally,sama sekali
nikita,nikita
defences,defences
habiburokhman,habiburokhman
samarinda,samarinda
tehran,tehran
hercules,hercules
amran,amran
pantesan,pantesan
maaruf,maaruf
kneel,berlutut
berulangkali,berulangkali
called,called
mujani,mujani
sobar,sobar
walikota,walikota
antikorupsi,antikorupsi
myuruh,myuruh
kemenkeu,kemenkeu
wielgosz,wielgosz
rempang,rempang
nyoba,nyoba
sohee,sohee
dsarnya,dsarnya
negri,negri
gemoi,gemoi
ributin,ributin
pasfeb,pasfeb
bripka,bripka
centre,centre
ketidakpedulian,ketidakpedulian
ngawur,ngawur
solver,solver
revival,kebangkitan
pddkn,pddkn
nabung,nabung
kendeng,kendeng
kamoung,kamoung
sptnya,sptnya
wagimandeep,wagimandeep
sikatkorupsi,sikatkorupsi
anzar,anzar
roadma,roadma
possible,mungkin
jogednya,jogednya
kelihatanya,kelihatanya
rejim,rejim
always,selalu
sengkuni,sengkuni
rincian,rincian
katholik,katholik
nyesel,nyesel
umbaran,umbaran
pasca,pasca
whole,seluruh
gayungsari,gayungsari
definetely,definetely
disabilities,disabilities
middleman,perantara
pakbowopertama,pakbowopertama
settlements,settlements
multietnis,multietnis
words,words
skechers,skechers
mbludak,mbludak
hater,pembenci
sulaiman,sulaiman
toxic,beracun
suggesting,menyarankan
viral,virus
doxing,doxing
night,malam
nampak,nampak
akmil,akmil
vision,penglihatan
multiple,beberapa
leader,kepala
samsek,samsek
faskes,faskes
nuwun,nuwun
korut,korut
solving,solving
satriopiningit,satriopiningit
emaknya,emaknya
sosiakisasi,sosiakisasi
awokwok,awokwok
nyapres,nyapres
akuyes,akuyes
framing,framing
septian,septian
tenga,tenga
ngemeng,ngemeng
dipermasalahin,dipermasalahin
struggles,struggles
being,makhluk
decolonisation,decolonisation
orangk,orangk
socrates,socrates
ngeluh,ngeluh
mejwb,mejwb
there,sana
indonsia,indonsia
menkominfo,menkominfo
disleman,disleman
problems,problems
ternate,ternate
nobar,nobar
rahmayadi,rahmayadi
ariansyah,ariansyah
pastiinpbowo,pastiinpbowo
jurkamnya,jurkamnya
multiverse,multiverse
parabowo,parabowo
dhuwur,dhuwur
klmpk,klmpk
berfikirnya,berfikirnya
nyemangatin,nyemangatin
menhanmu,menhanmu
kmana,kmana
bahayaa,bahayaa
dibatah,dibatah
sigit,sigit
aniss,aniss
liberation,pembebasan
bnran,bnran
setneg,setneg
flores,flores
saipul,saipul
disamperin,disamperin
djojohadikusumo,djojohadikusumo
melting,mencair
claim,klaim
menglorifikasi,menglorifikasi
ngadain,ngadain
soekarnoputri,soekarnoputri
mangkraknya,mangkraknya
blimbingsari,blimbingsari
laeku,laeku
diinget,diinget
pekanbaru,pekanbaru
sante,sante
kemhan,kemhan
alesannya,alesannya
zulxhamzah,zulxhamzah
sheppard,sheppard
yeeaa,yeeaa
syifaa,syifaa
attacknya,attacknya
hitlerites,hitlerites
design,desain
autis,autis
dimedsos,dimedsos
lhoo,lhoo
ditamba,ditamba
transum,transum
baasyir,baasyir
ngegas,ngegas
ridho,ridho
fauziyah,fauziyah
esbeye,esbeye
faried,faried
jnua,jnua
record,rekor
diskursus,diskursus
tionghoa,tionghoa
berbuatbaik,berbuatbaik
nomer,nomer
prove,membuktikan
doing,melakukan
taking,mengambil
critics,critics
elektabilitasnya,elektabilitasnya
standing,berdiri
bersama,bersama
erwin,erwin
wuri,wuri
narkoba,narkoba
background,latar
ngejaga,ngejaga
sorryy,sorryy
demonization,demonization
breng,breng
statement,pernyataan
worst,terburuk
rainbow,pelangi
jngan,jngan
kedaulatan,kedaulatan
capresnya,capresnya
pastikanvisi,pastikanvisi
ugalan,ugalan
launching,launching
prsidem,prsidem
saviour,saviour
ninin,ninin
gresik,gresik
warganet,warganet
ngemper,ngemper
detikbali,detikbali
times,kali
reached,reached
membully,membully
forgotten,lupa
rahmadi,rahmadi
nanggung,nanggung
prabowolah,prabowolah
ones,ones
terlebay,terlebay
ngkan,ngkan
ramli,ramli
mmegang,mmegang
thoir,thoir
rinci,rinci
ngembaliin,ngembaliin
palingsejuk,palingsejuk
tomgkang,tomgkang
disuppo,disuppo
incoming,masuk
nembak,nembak
disclaimer,sanggahan
trtinggi,trtinggi
ngomong,ngomong
terlamb,terlamb
ditangisin,ditangisin
pebruari,pebruari
masaak,masaak
nyangkal,nyangkal
disabilitas,disabilitas
jnri,jnri
ninja,ninja
oppa,oppa
bungul,bungul
atasnamakan,atasnamakan
discussion,diskusi
keroyokan,keroyokan
ngambil,ngambil
mensejahterahkan,mensejahterahkan
suharto,suharto
astaghfirullah,astaghfirullah
mantul,mantul
wealth,kekayaan
mukidi,mukidi
masinton,masinton
rfgibran,rfgibran
untukpakbowo,untukpakbowo
concept,konsep
menangkanganjar,menangkanganjar
kertanegara,kertanegara
jetika,jetika
cooperation,cooperation
bknkah,bknkah
disguise,menyamarkan
gusnaidi,gusnaidi
sufficient,cukup
supit,supit
videotron,videotron
cobol,cobol
tenan,tenan
aamiinn,aamiinn
amarah,amarah
dengernya,dengernya
gemes,gemes
pendidikan,pendidikan
tiati,tiati
komnas,komnas
ceonya,ceonya
mencla,mencla
seventeen,tujuh belas
gunungmas,gunungmas
muhamadiyah,muhamadiyah
future,masa depan
panwas,panwas
nonjokin,nonjokin
infused,infused
goblokin,goblokin
buzzernya,buzzernya
berkali,berkali
masia,masia
sutet,sutet
hashtag,hashtag
netizen,netizen
motto,semboyan
menkopolhukam,menkopolhukam
bongbong,bongbong
peperangan,peperangan
rivals,rivals
krupuk,krupuk
keresaan,keresaan
mengejar,mengejar
debicoklat,debicoklat
zenius,zenius
figure,perawakan
overconfidence,terlalu percaya diri
gopay,gopay
hmm,hmm
giovanni,giovanni
connie,connie
eropa,eropa
fanta,fanta
djarum,djarum
richest,richest
rizieq,rizieq
muallem,muallem
sulawesi,sulawesi
dikurangin,dikurangin
hitler,hitler
garudayaksa,garudayaksa
policies,policies
sustainability,sustainability
katain,katain
scary,menakutkan
yusril,yusril
simsalabim,simsalabim
nababan,nababan
consider,anggap
membauat,membauat
aware,sadar
nawawi,nawawi
representatives,representatives
mager,mager
jejaring,jejaring
supporter,pendukung
pakbowomasgib,pakbowomasgib
politikbsemakin,politikbsemakin
armando,armando
ridhai,ridhai
jakar,jakar
dateng,dateng
trima,trima
menangin,menangin
kalbar,kalbar
hankam,hankam
sudjatmiko,sudjatmiko
entrepreneur,pengusaha
jaksel,jaksel
though,meskipun
still,masih
disabilitasnya,disabilitasnya
jinping,jinping
ganjarmahfudmenangdebat,ganjarmahfudmenangdebat
according,menurut
disrespectful,tidak sopan
mejobo,mejobo
penmas,penmas
kampnye,kampnye
febuari,febuari
remembered,remembered
foodestate,foodestate
sukarno,sukarno
dukungamin,dukungamin
uru,uru
symbolic,simbolis
kebijaka,kebijaka
oligark,oligark
mayong,mayong
hubungn,hubungn
ubanbukanpakde,ubanbukanpakde
jombor,jombor
penyokongpi,penyokongpi
bukain,bukain
gebrakan,gebrakan
kerjabersamaganjar,kerjabersamaganjar
buktinyata,buktinyata
papuaa,papuaa
ekspektasi,ekspektasi
walhi,walhi
estete,estete
tanaya,tanaya
nerima,nerima
nyowo,nyowo
kpopisasi,kpopisasi
gamamenang,gamamenang
score,skor
launch,luncur
answering,answering
dehumanizing,dehumanizing
pakaian,pakaian
gamasalah,gamasalah
statetment,statetment
vietnam,vietnam
sesungguhya,sesungguhya
medsosnya,medsosnya
lemdiklat,lemdiklat
prananda,prananda
sencho,sencho
legacy,warisan
sianipar,sianipar
johannes,johannes
taruna,taruna
gerombolan,gerombolan
nikmatul,nikmatul
menaker,menaker
semalem,semalem
redistribusi,redistribusi
twist,muslihat
gasuka,gasuka
ngelirik,ngelirik
kicep,kicep
kreatifitas,kreatifitas
managemen,managemen
gapapa,gapapa
wilalung,wilalung
nairn,nairn
ngebuat,ngebuat
states,states
friendly,ramah
sampoerna,sampoerna
menagis,menagis
horass,horass
wanto,wanto
gaban,gaban
bahrawi,bahrawi
intellectual,intelektual
dudung,dudung
titiek,titiek
protests,protests
beralaih,beralaih
fatia,fatia
megapolitan,megapolitan
menyalahgunakan,menyalahgunakan
pikuk,pikuk
officials,officials
brani,brani
sakaria,sakaria
sirkelnya,sirkelnya
disability,cacat
fathonah,fathonah
kebonsari,kebonsari
slepet,slepet
convoy,konvoi
kebijakan,kebijakan
particular,khusus
kpopified,kpopified
membagikan,membagikan
system,sistem
erb,erb
lembong,lembong
ngejelasin,ngejelasin
including,including
probolinggo,probolinggo
proporsionalitas,proporsionalitas
kalla,kalla
densus,densus
arsjad,arsjad
producernmi,producernmi
pemimpin,pemimpin
diharepin,diharepin
saatnja,saatnja
menddukung,menddukung
pantass,pantass
impossible,tidak mungkin
ngumpet,ngumpet
during,selama
gara,gara
dirilu,dirilu
ngefek,ngefek
biased,biased
nyerang,nyerang
ngaca,ngaca
chanel,chanel
dandim,dandim
pilhan,pilhan
savage,ganas
gandhi,gandhi
supporternya,supporternya
kuatkankpk,kuatkankpk
follow,mengikuti
bersa,bersa
ngetweet,ngetweet
presideng,presideng
tukin,tukin
debates,debates
positioning,positioning
wiratama,wiratama
gerakcepat,gerakcepat
jnb,jnb
untukrakyat,untukrakyat
simon,simon
ngarsodalem,ngarsodalem
essential,penting
kanjuruhan,kanjuruhan
paloh,paloh
disetting,disetting
syaugi,syaugi
break,pecah
mongkoso,mongkoso
pemprov,pemprov
transjakarta,transjakarta
allegation,tuduhan
validasi,validasi
ketidakjelasan,ketidakjelasan
supya,supya
silahturahmi,silahturahmi
adsnya,adsnya
opresi,opresi
bumil,bumil
maruarar,maruarar
aktifitas,aktifitas
millenial,millenial
glodok,glodok
gamau,gamau
infografis,infografis
febketps,febketps
fisip,fisip
tiadahenti,tiadahenti
state,negara
clinguk,clinguk
highest,tertinggi
berfihak,berfihak
diponegoro,diponegoro
goodbener,goodbener
yaumil,yaumil
democracy,demokrasi
pinjol,pinjol
kholil,kholil
panitan,panitan
instagram,instagram
objective,obyektif
narsistik,narsistik
mikroekspresi,mikroekspresi
caleg,caleg
organic,organik
batere,batere
bersilaturrahmi,bersilaturrahmi
wawancanda,wawancanda
resign,mengundurkan diri
cipung,cipung
tuuh,tuuh
possibilities,possibilities
mlinjo,mlinjo
ganjarmahfu,ganjarmahfu
deserves,deserves
menkopulhukam,menkopulhukam
elmer,elmer
wolfenstein,wolfenstein
generation,generasi
yangmenang,yangmenang
dibwakan,dibwakan
nelson,nelson
inshaallah,inshaallah
brtemu,brtemu
tkrpp,tkrpp
maqdis,maqdis
sonny,sonny
hianati,hianati
proxy,proxy
bercita,bercita
formapi,formapi
journalists,journalists
mmberikn,mmberikn
perbsiki,perbsiki
profres,profres
greenflation,greenflation
disgusting,jijik
salawat,salawat
kolaboratif,kolaboratif
nemenin,nemenin
daamm,daamm
memposting,memposting
kasihanin,kasihanin
sonoh,sonoh
ponsel,ponsel
atikoh,atikoh
dipungkiri,dipungkiri
khratis,khratis
tanpaetik,tanpaetik
scandal,skandal
ngikutin,ngikutin
segitu,segitu
karana,karana
postingan,postingan
sblum,sblum
indar,indar
kelvin,kelvin
kebhinekaan,kebhinekaan
berkebalibalikan,berkebalibalikan
conscience,hati nurani
bacawalkot,bacawalkot
jakarta,jakarta
numpang,numpang
google,google
netepin,netepin
bahlil,bahlil
nendang,nendang
world,dunia
poslon,poslon
sdhlah,sdhlah
membongkok,membongkok
slankers,slankers
jerataan,jerataan
ngaji,ngaji
mengkriti,mengkriti
alkes,alkes
hariyanto,hariyanto
berkorban,berkorban
orgny,orgny
democratic,demokratis
editing,editing
antarumat,antarumat
kiyai,kiyai
nyuruh,nyuruh
common,biasa
apalg,apalg
yulia,yulia
saiful,saiful
prabowopun,prabowopun
hubner,hubner
pansos,pansos
week,minggu
teddy,teddy
berswafoto,berswafoto
temenku,temenku
kroninya,kroninya
ponpes,ponpes
truck,truk
captured,captured
supriyanti,supriyanti
ditemenin,ditemenin
gibran,gibran
voters,voters
avowed,diakui
pulkam,pulkam
magetan,magetan
rusunawa,rusunawa
jokowi,jokowi
mahfudmd,mahfudmd
jepara,jepara
syaraf,syaraf
situbondo,situbondo
yogja,yogja
nurut,nurut
ganjarsikatkorupsi,ganjarsikatkorupsi
ambon,ambon
zahra,zahra
kesalahanya,kesalahanya
election,pemilihan
grandpa,kakek
setiadji,setiadji
comsec,comsec
sandwich,sandwich
ngangguk,ngangguk
mangkrak,mangkrak
hacker,peretas
nampolin,nampolin
child,anak
courageous,berani
djohan,djohan
saudaraq,saudaraq
artist,seniman
kebumen,kebumen
kebingunan,kebingunan
alone,sendiri
insyaf,insyaf
civilians,civilians
ngejalanin,ngejalanin
kekuatan,kekuatan
nampaknya,nampaknya
palti,palti
siduarjo,siduarjo
ngedukung,ngedukung
elitisme,elitisme
ielts,ielts
benernya,benernya
kuatir,kuatir
founder,pendiri
jogyakarta,jogyakarta
oppressor,penindas
orqe,orqe
dumai,dumai
asean,asean
which,yang mana
bykan,bykan
tanggepanmu,tanggepanmu
wicaksono,wicaksono
ganjarforind,ganjarforind
benson,benson
pancen,pancen
kangkaki,kangkaki
defense,pertahanan
bakamla,bakamla
molded,molded
rusunnya,rusunnya
pakdhe,pakdhe
dikatain,dikatain
pdie,pdie
nyebokin,nyebokin
alutista,alutista
gratisin,gratisin
yokk,yokk
atasin,atasin
kpopers,kpopers
killing,membunuh
forever,selamanya
ecology,ekologi
prancis,prancis
lives,lives
pandora,pandora
politic,politik
faizal,faizal
green,hijau
ngerjain,ngerjain
return,kembali
haley,haley
jancuk,jancuk
inidikasi,inidikasi
nyebutnya,nyebutnya
klean,klean
nyalon,nyalon
style,gaya
stunting,stunting
facts,facts
absent,tidak hadir
yenny,yenny
moreover,lagipula
ngerakyat,ngerakyat
jerome,jerome
jnfe,jnfe
pakanies,pakanies
speech,pidato
savicali,savicali
nyinyiers,nyinyiers
indahh,indahh
jedah,jedah
punten,punten
mngecilkan,mngecilkan
adaah,adaah
bojonegoro,bojonegoro
outbreak,wabah besar
injured,terluka
ketentraman,ketentraman
gimminc,gimminc
romanticizing,romanticizing
arsjadrasjid,arsjadrasjid
cagub,cagub
minority,minoritas
smakin,smakin
inklusi,inklusi
rasjid,rasjid
sembako,sembako
ngerubah,ngerubah
burger,burger
hoaks,hoaks
achrian,achrian
diributin,diributin
gusdurian,gusdurian
demak,demak
disamaratalan,disamaratalan
dekranasda,dekranasda
indonesian,indonesian
kemenkum,kemenkum
babeh,babeh
wewenangnya,wewenangnya
harahap,harahap
buktiin,buktiin
munir,munir
iykiyk,iykiyk
kerjabersama,kerjabersama
dander,ketombe
kawendra,kawendra
tanyain,tanyain
antarmoda,antarmoda
wedjedy,wedjedy
rapimnas,rapimnas
musyawara,musyawara
ralyat,ralyat
responnya,responnya
training,pelatihan
diandelin,diandelin
dilaporin,dilaporin
chico,chico
megapro,megapro
faced,dihadapi
fadjar,fadjar
kerinci,kerinci
perthahanan,perthahanan
concern,perhatian
thohir,thohir
surakarta,surakarta
alhamdulillaah,alhamdulillaah
nambah,nambah
sumitro,sumitro
politica,politica
eribu,eribu
riziek,riziek
sebira,sebira
adrian,adrian
sumatera,sumatera
closing,closing
merhatiin,merhatiin
jatuhin,jatuhin
tvone,tvone
utkindonesia,utkindonesia
credit,kredit
bersilahturahmi,bersilahturahmi
alaydrus,alaydrus
bganda,bganda
kapolres,kapolres
masbowogbran,masbowogbran
semarang,semarang
rongkhya,rongkhya
ancem,ancem
sapiens,sapiens
ngelawan,ngelawan
agricultural,pertanian
inflation,inflasi
panic,panik
mikir,mikir
thingking,thingking
pakehati,pakehati
tonjong,tonjong
banggakan,banggakan
pileg,pileg
hearing,mendengar
tagline,tagline
meanwhile,sementara
nteweet,nteweet
jurdil,jurdil
andikgdriv,andikgdriv
istiqomah,istiqomah
index,indeks
superkeren,superkeren
thoifur,thoifur
petrus,petrus
behind,belakang
masalh,masalh
oneng,oneng
mantab,mantab
jubir,jubir
smpai,smpai
kominfotik,kominfotik
terhadp,terhadp
profile,profil
narik,narik
parasosial,parasosial
kandrunnya,kandrunnya
rafale,rafale
takedown,takedown
emprit,emprit
ketidaksetaraan,ketidaksetaraan
chang,chang
reflect,mencerminkan
amanda,amanda
progam,progam
resolved,diselesaikan
lanjutgansemuamurah,lanjutgansemuamurah
klawen,klawen
tohir,tohir
ridwan,ridwan
lapia,lapia
statemen,statemen
divalidasi,divalidasi
tidaakk,tidaakk
polri,polri
constitutional,konstitusional
reshuffle,perombakan
topuksi,topuksi
baeklah,baeklah
jnce,jnce
beranggapa,beranggapa
dgaf,dgaf
fretilin,fretilin
simpaty,simpaty
sponsored,sponsored
kapabilitasnya,kapabilitasnya
purwokerto,purwokerto
yerusalem,yerusalem
bombay,bombay
leadership,pimpinan
pertanyaanya,pertanyaanya
rapiin,rapiin
capresku,capresku
tantrum,mengamuk
megawati,megawati
teriyaki,teriyaki
insyaalloh,insyaalloh
network,jaringan
fasum,fasum
worth,bernilai
mnjdi,mnjdi
ngilangin,ngilangin
andrinof,andrinof
banggain,banggain
cheryl,cheryl
yudha,yudha
manager,manajer
thailand,thailand
guardian,wali
draft,bagan
ahmadyani,ahmadyani
zionist,zionist
nyindir,nyindir
berpartispasi,berpartispasi
bertnya,bertnya
choose,memilih
hutabarat,hutabarat
highlight,menyoroti
visit,mengunjungi
these,ini
munandar,munandar
despite,meskipun
timnas,timnas
adain,adain
boarding,asrama
abdel,abdel
value,nilai
karawang,karawang
klopp,klopp
dream,mimpi
approach,mendekati
mahufd,mahufd
jnwc,jnwc
trimakasih,trimakasih
cawapres,cawapres
setting,pengaturan
ngehadepinnya,ngehadepinnya
skedar,skedar
ummat,ummat
faktanya,faktanya
besak,besak
mknya,mknya
banjarnegara,banjarnegara
berjuang,berjuang
dikoordinir,dikoordinir
zulkifli,zulkifli
rutinitas,rutinitas
canvasing,canvasing
sayuk,sayuk
henyak,henyak
hanura,hanura
ngong,ngong
disebablan,disebablan
saputri,saputri
pastiinpakbowo,pastiinpakbowo
videotronmmas,videotronmmas
ahlussunnah,ahlussunnah
kaitin,kaitin
between,antara
dibales,dibales
exact,tepat
spill,tumpah
ventures,ventures
kepulauan,kepulauan
apmiso,apmiso
intoleransi,intoleransi
bgmana,bgmana
tangerang,tangerang
experienced,berpengalaman
bayangin,bayangin
gusimin,gusimin
jerman,jerman
napsu,napsu
frigate,frigate
kongkow,kongkow
humprey,humprey
sincerely,dengan hormat
menunjukksn,menunjukksn
menglaim,menglaim
sirkular,sirkular
ketidakpercayaan,ketidakpercayaan
antitesa,antitesa
nakuti,nakuti
israel,israel
gamungkin,gamungkin
mikul,mikul
extrimists,extrimists
nurul,nurul
tanyashe,tanyashe
ngebahas,ngebahas
utting,utting
subagyo,subagyo
untungpakbowobijak,untungpakbowobijak
diakalin,diakalin
elektabilitas,elektabilitas
slamet,slamet
akatip,akatip
prabowi,prabowi
sholat,sholat
sahabatsantri,sahabatsantri
smith,smith
drill,bor
pranowoe,pranowoe
gemoy,gemoy
darimana,darimana
academy,akademi
gorontalo,gorontalo
berpoltikan,berpoltikan
ciamis,ciamis
farming,tani
deliberative,musyawarah
ribet,ribet
colonized,colonized
aurel,aurel
serious,serius
framingnya,framingnya
semerawut,semerawut
ketegasan,ketegasan
soekarno,soekarno
tidakadilan,tidakadilan
protect,melindungi
nginep,nginep
nirina,nirina
satgas,satgas
mendem,mendem
choirul,choirul
modalin,modalin
under,di bawah
terwu,terwu
ottoecsloq,ottoecsloq
pangkalima,pangkalima
kepercyaan,kepercyaan
membludak,membludak
mmberi,mmberi
history,sejarah
majority,kebanyakan
hambalang,hambalang
sbtlnya,sbtlnya
jkwdo,jkwdo
arema,arema
medsos,medsos
gasasan,gasasan
pertamina,pertamina
sadayana,sadayana
walkout,pemogokan
ngentasin,ngentasin
speaker,pembicara
dipostingkan,dipostingkan
muhaimin,muhaimin
naah,naah
bermondalkan,bermondalkan
cipari,cipari
nadiem,nadiem
sustainable,berkelanjutan
ngobrol,ngobrol
garum,garum
dynasty,dinasti
sehari,sehari
ganjarmahfud,ganjarmahfud
menjarain,menjarain
mndorong,mndorong
whatever,apa pun
nglamar,nglamar
subtantif,subtantif
asyhgil,asyhgil
ngewaro,ngewaro
berkwalitas,berkwalitas
reveals,reveals
panggah,panggah
pertamax,pertamax
slump,kemerosotan
ngakoni,ngakoni
salemba,salemba
radya,radya
wejanganya,wejanganya
imformasi,imformasi
proposals,proposals
think,pikir
panwaslu,panwaslu
ruteng,ruteng
kamiadadisini,kamiadadisini
menginvansi,menginvansi
djohermansyah,djohermansyah
exclude,mengecualikan
fighter,pesawat tempur
dicatet,dicatet
garnacho,garnacho
namirul,namirul
channel,channel
seprti,seprti
lloyd,lloyd
berhenti,berhenti
atheis,atheis
hamengkubuwono,hamengkubuwono
scenario,skenario
kakanya,kakanya
planga,planga
gaskeun,gaskeun
reach,mencapai
partaisocmed,partaisocmed
bahlul,bahlul
tulip,tulip
jiexpo,jiexpo
cawapresnya,cawapresnya
moskow,moskow
barca,barca
temennya,temennya
militeristik,militeristik
digembosin,digembosin
macchiato,macchiato
dijogja,dijogja
asshiddiqie,asshiddiqie
dapil,dapil
segibran,segibran
abuse,olok-olok
respected,respected
tsamara,tsamara
checkpoints,checkpoints
nuntut,nuntut
omnibuslaw,omnibuslaw
takterbendung,takterbendung
sigare,sigare
pbowogbran,pbowogbran
dinotice,dinotice
nirwono,nirwono
regress,kemunduran
ngaruh,ngaruh
ngeracunin,ngeracunin
udahpasti,udahpasti
kolabora,kolabora
settingan,settingan
brillian,brillian
gadjah,gadjah
kemudia,kemudia
anakk,anakk
jnyc,jnyc
amazing,menakjubkan
rusun,rusun
mangkuningrat,mangkuningrat
pildun,pildun
sirait,sirait
bangladesh,bangladesh
taken,diambil
didiskuslifikasi,didiskuslifikasi
direspon,direspon
harimurti,harimurti
mengijinkan,mengijinkan
disalahgunakan,disalahgunakan
nahdliyin,nahdliyin
mukulin,mukulin
ngamuk,ngamuk
andono,andono
business,bisnis
nyampaiin,nyampaiin
ahmad,ahmad
communities,communities
ahokers,ahokers
bodetabekjur,bodetabekjur
jaringan,jaringan
afdol,afdol
audiens,audiens
doxxing,doxxing
batubara,batubara
ngeklaim,ngeklaim
netanyahu,netanyahu
ngelibatin,ngelibatin
cover,menutupi
jaklingko,jaklingko
palestina,palestina
ditanggkap,ditanggkap
meledakk,meledakk
mujib,mujib
kacrut,kacrut
pemkab,pemkab
terrisbaasyir,terrisbaasyir
agriculture,pertanian
amnmenang,amnmenang
masgbran,masgbran
negative,negatif
jntc,jntc
komersil,komersil
penghianatan,penghianatan
visions,visions
yonif,yonif
seliwerun,seliwerun
ketidakadilan,ketidakadilan
memenamgkan,memenamgkan
terzolimi,terzolimi
makassar,makassar
bringing,bringing
samirin,samirin
palestinians,palestinians
netijen,netijen
stability,stabilitas
billy,billy
andre,andre
gurbernur,gurbernur
clingak,clingak
kampenye,kampenye
saved,disimpan
perencanaanya,perencanaanya
dedynurpalakka,dedynurpalakka
ngadunya,ngadunya
stelah,stelah
dibully,dibully
bacapres,bacapres
narkosun,narkosun
armed,bersenjata
ngira,ngira
ngakak,ngakak
dibandingin,dibandingin
orangutan,orang utan
brkualitas,brkualitas
ketidakpahaman,ketidakpahaman
nation,bangsa
antarcapres,antarcapres
ngemis,ngemis
tiktok,tiktok
bowok,bowok
satyam,satyam
jebolin,jebolin
nitip,nitip
ditakedown,ditakedown
jejknya,jejknya
aalamiin,aalamiin
kiki,kiki
ancient,kuno
holistik,holistik
cendikiawan,cendikiawan
memed,memed
lobang,lobang
ireng,ireng
chalik,chalik
match,korek api
banner,panji
ppatk,ppatk
ngerasa,ngerasa
maumenuju,maumenuju
levenia,levenia
pressoekarno,pressoekarno
proksi,proksi
anjirr,anjirr
linknya,linknya
pmbubaran,pmbubaran
corruption,korupsi
kirig,kirig
wkwkwkk,wkwkwkk
ngelihat,ngelihat
could,bisa
ngajimu,ngajimu
gercep,gercep
bulog,bulog
swingvoter,swingvoter
paspampres,paspampres
whatsapp,whatsapp
gatsu,gatsu
alhamdullilah,alhamdullilah
satunya,satunya
jazakallah,jazakallah
keyataannya,keyataannya
dipilpres,dipilpres
sma,sma
seakan,seakan
curhat,curhat
rp,rp
cuap,cuap
nganterin,nganterin
wahfiudin,wahfiudin
irwanka,irwanka
nunjukin,nunjukin
prescon,prescon
kokoh,kokoh
kemaknuran,kemaknuran
kontestasi,kontestasi
gubenur,gubenur
medsosmu,medsosmu
googling,googling
ready,siap
watch,menonton
adiknya,adiknya
national,nasional
gimik,gimik
chief,raja
marbot,marbot
nafas,nafas
ngeles,ngeles
swing,ayun
ejanji,ejanji
golden,golden
gakpapa,gakpapa
sikaatt,sikaatt
ngaku,ngaku
detiknews,detiknews
mengukapkan,mengukapkan
atiqoh,atiqoh
kitapakbw,kitapakbw
ceuna,ceuna
karangan,karangan
opressed,opressed
korpri,korpri
jason,jason
political,politik
concerned,prihatin
mitrapol,mitrapol
basri,basri
youtuber,youtuber
robbal,robbal
sumut,sumut
sta,sta
humanity,kemanusiaan
bewara,bewara
kartini,kartini
mocking,mocking
mngoreksi,mngoreksi
memberi,memberi
rohman,rohman
keyword,keyword
kaltim,kaltim
suroso,suroso
minangkabo,minangkabo
harmless,berbahaya
bekerjasama,bekerjasama
naikin,naikin
atempodotco,atempodotco
lazarus,lazarus
fiasco,kegagalan
grace,rahmat
bertubi,bertubi
risafel,risafel
nakutin,nakutin
kitaselaluada,kitaselaluada
stock,stok
monas,monas
miftah,miftah
thread,benang
approve,setuju
ragunan,ragunan
prabowonya,prabowonya
suppo,suppo
sumatra,sumatera
ngeliat,ngeliat
arini,arini
prbawo,prbawo
jogjakarta,jogjakarta
jnx,jnx
jawapos,jawapos
ngerasain,ngerasain
chudai,chudai
fairness,keadilan
yangterbaik,yangterbaik
dijelaain,dijelaain
politikny,politikny
ketidakbecusan,ketidakbecusan
untukindonesia,untukindonesia
mirzani,mirzani
golkar,golkar
pondasi,pondasi
diforward,diforward
sukmonohadi,sukmonohadi
jerusalem,jerusalem
seems,seems
gusdur,gusdur
purnomo,purnomo
tweet,menciak
jnyd,jnyd
depok,depok
kafirr,kafirr
ngegoblokin,ngegoblokin
internet,internet
dufan,dufan
menginspirasi,menginspirasi
napak,napak
government,pemerintah
austalia,austalia
mengikutin,mengikutin
player,pemain
indramayu,indramayu
redefine,mendefinisikan
jakhabitat,jakhabitat
agushamra,agushamra
timingnya,timingnya
viralkan,viralkan
behavior,perilaku
judge,hakim
route,rute
bobon,bobon
jan,jan
darijabar,darijabar
gemoysian,gemoysian
bhkan,bhkan
capre,capre
kharismatik,kharismatik
frame,bingkai
karir,karir
adalahkita,adalahkita
ingannya,ingannya
udubilah,udubilah
honest,jujur
batalin,batalin
bossnya,bossnya
bersebrangan,bersebrangan
mimpin,mimpin
kencintaanya,kencintaanya
version,versi
permalasahan,permalasahan
uchiwanya,uchiwanya
phobia,phobia
lemecsh,lemecsh
kaesang,kaesang
buanyaakk,buanyaakk
diposting,diposting
parte,parte
produce,menghasilkan
becik,becik
bozz,bozz
leimena,leimena
dimksd,dimksd
laporin,laporin
pemikiran,pemikiran
sumedang,sumedang
kemer,kemer
experience,mengalami
letoy,letoy
istora,istora
susilo,susilo
dibuat,dibuat
heheheh,heheheh
pontianak,pontianak
mangkoso,mangkoso
abraham,abraham
josep,josep
massif,massif
treshold,treshold
pertanyaan,pertanyaan
transportas,transportas
sides,sisi
screencapture,screencapture
muhyiddin,muhyiddin
santoso,santoso
topic,topik
bliau,bliau
ngajarin,ngajarin
pembanguan,pembanguan
dinyinyirin,dinyinyirin
thvhoca,thvhoca
wlaupun,wlaupun
resto,resto
ambilb,ambilb
inssalh,inssalh
jnax,jnax
waitt,waitt
declare,menyatakan
bobby,bobby
bungulnya,bungulnya
lanjutgansemuakerja,lanjutgansemuakerja
chairman,ketua
charta,charta
harmony,keselarasan
pertanggungjawabannya,pertanggungjawabannya
tarigan,tarigan
qodari,qodari
kejadian,kejadian
ketimpanan,ketimpanan
salafiyah,salafiyah
bloomberg,bloomberg
jama,jama
kedzaliman,kedzaliman
gelanggan,gelanggan
remember,ingat
inilaj,inilaj
pragib,pragib
press,peras
mustamar,mustamar
karyawannya,karyawannya
pilkada,pilkada
ysne,ysne
madura,madura
nasdem,nasdem
ortunya,ortunya
ngacak,ngacak
blundernya,blundernya
teddgus,teddgus
goblog,goblog
climate,iklim
dibaiayai,dibaiayai
republika,republika
sadad,sadad
cawapresmu,cawapresmu
gukmin,gukmin
kapasita,kapasita
presented,presented
numpuk,numpuk
ngehapus,ngehapus
disimpen,disimpen
yasudah,yasudah
sholawat,sholawat
zarry,zarry
terjerembab,terjerembab
fattah,fattah
edward,edward
mainstream,mainstream
otoritarianisme,otoritarianisme
antarwarga,antarwarga
sleman,sleman
nasbi,nasbi
analisa,analisa
critical,kritis
outsourcing,outsourcing
ahoker,ahoker
ndasmu,ndasmu
argument,argumen
komennya,komennya
tinghoa,tinghoa
lamongan,lamongan
drone,dengung
sedangkankan,sedangkankan
count,hitung
kenuan,kenuan
javasentris,javasentris
gmpng,gmpng
textbook,buku pelajaran
blitar,blitar
kokam,kokam
champion,juara
amarahnya,amarahnya
kekuasaanya,kekuasaanya
know,tahu
lakuin,lakuin
artikulsi,artikulsi
content,puas
swafoto,swafoto
pastiin,pastiin
ciremai,ciremai
pertahanan,pertahanan
sekalig,sekalig
publish,menerbitkan
umroh,umroh
aparheid,aparheid
ditwitter,ditwitter
victim,korban
rektorat,rektorat
breaking,melanggar
gories,gories
agusyudhoyono,agusyudhoyono
island,pulau
kalahin,kalahin
kerika,kerika
dimana,dimana
rhadap,rhadap
kemensos,kemensos
gajelas,gajelas
malqh,malqh
slank,miring
urrangawak,urrangawak
ngalamin,ngalamin
qpcam,qpcam
controversial,kontroversial
pengalamanmu,pengalamanmu
nimbang,nimbang
konkrit,konkrit
merka,merka
bagaskoro,bagaskoro
tulodo,tulodo
idealism,idealisme
minangkabau,minangkabau
among,antara
opening,mulut
dardak,dardak
banyuwangi,banyuwangi
komplit,komplit
played,played
purworejo,purworejo
deklair,deklair
partisipatif,partisipatif
ngerti,ngerti
jampang,jampang
dihimbau,dihimbau
david,david
trigger,pelatuk
sumarsih,sumarsih
dayak,dayak
alpahankam,alpahankam
supir,supir
sniper,sniper
greenpeace,greenpeace
faeni,faeni
bisanya,bisanya
trainee,peserta pelatihan
raharjo,raharjo
debate,debat
kirdi,kirdi
menggeruduk,menggeruduk
attacked,attacked
kenerja,kenerja
diiming,diiming
tabaraqallah,tabaraqallah
irrational,irasional
bberapa,bberapa
province,propinsi
kurnia,kurnia
percontoan,percontoan
pembangunan,pembangunan
suparna,suparna
wijayanto,wijayanto
goganjargo,goganjargo
grassro,grassro
jnke,jnke
mensejahterkan,mensejahterkan
nepoatisme,nepoatisme
dipake,dipake
syahganda,syahganda
jambi,jambi
nanam,nanam
hesti,hesti
untapped,belum dimanfaatkan
bgini,bgini
tiongkok,tiongkok
feminism,feminisme
murder,pembunuhan
plongo,plongo
nggih,nggih
gembrong,gembrong
shahih,shahih
thukul,thukul
posyandu,posyandu
generasigotongroyong,generasigotongroyong
baikpakbowo,baikpakbowo
gurem,gurem
khofifah,khofifah
karbitan,karbitan
private,swasta
nginceng,nginceng
khawarij,khawarij
memaprkn,memaprkn
tagner,tagner
makah,makah
awkwkkw,awkwkkw
diktaktor,diktaktor
gaslight,lampu gas
gasadar,gasadar
literasi,literasi
nyoblos,nyoblos
marwah,marwah
sgala,sgala
selawase,selawase
sklompok,sklompok
neruin,neruin
polibag,polibag
puasin,puasin
otlet,otlet
rhoma,rhoma
aquarium,akuarium
psychological,psikologis
tambahin,tambahin
masji,masji
rohingya,rohingya
visimisi,visimisi
brawijaya,brawijaya
lukistianto,lukistianto
ndasin,ndasin
gurutta,gurutta
menangkang,menangkang
looking,melihat
hehehe,hehehe
tweeps,tweeps
unforgettable,tak terlupakan
sebagai,sebagai
mitanews,mitanews
sitomorang,sitomorang
management,direksi
bangu,bangu
distrust,ketidakpercayaan
reachable,terjangkau
twitter,twitter
ngejar,ngejar
menag,menag
masing,masing
elektoral,elektoral
slesai,slesai
bantuin,bantuin
penduking,penduking
lahin,lahin
kalteng,kalteng
dahniel,dahniel
terusengalir,terusengalir
goenawan,goenawan
citarasa,citarasa
suplement,suplement
potential,potensi
kesimpula,kesimpula
boyolali,boyolali
bustami,bustami
situmorang,situmorang
advertorial,advertorial
prabowo,prabowo
ending,akhir
cikarang,cikarang
agribisnis,agribisnis
cooling,pendingin
yakinin,yakinin
ditandatangani,ditandatangani
shopee,shopee
above,atas
booming,booming
nyamar,nyamar
mengetroll,mengetroll
sembakonya,sembakonya
kerjasama,kerjasama
potonya,potonya
penyalahgunaan,penyalahgunaan
mahendra,mahendra
south,selatan
hapsoro,hapsoro
nangisin,nangisin
kapolri,kapolri
temuin,temuin
awards,awards
jaauuhh,jaauuhh
metrotvnews,metrotvnews
yourself,dirimu
mensuppo,mensuppo
karepmu,karepmu
ngrasa,ngrasa
antirasuah,antirasuah
abdul,abdul
hahaha,hahaha
healing,penyembuhan
jogja,jogja
jnd,jnd
naudzubillaah,naudzubillaah
impo,impo
fight,berkelahi
diskominfotik,diskominfotik
kathiri,kathiri
berjoged,berjoged
skill,keahlian
morowali,morowali
financial,keuangan
okegass,okegass
kudet,kudet
using,using
kekawatiran,kekawatiran
shalat,shalat
menko,menko
pasutri,pasutri
keinget,keinget
pakistan,pakistan
hopes,hopes
probowo,probowo
mempertanyakn,mempertanyakn
sasageyo,sasageyo
nyinggung,nyinggung
sambel,sambel
taruni,taruni
genzi,genzi
disamain,disamain
senayan,senayan
bekutik,bekutik
elkayeni,elkayeni
undangan,undangan
felix,felix
probadi,probadi
bless,berkat
inatxysn,inatxysn
pembukaman,pembukaman
ngehajar,ngehajar
sperti,sperti
trbaik,trbaik
carol,carol
multikultural,multikultural
nambang,nambang
mslhnya,mslhnya
abal,abal
posko,posko
steel,baja
marahin,marahin
gatisin,gatisin
staff,tongkat
buttom,buttom
ketidakpastian,ketidakpastian
kmren,kmren
youth,pemuda
efkswmxca,efkswmxca
ngelihatnya,ngelihatnya
welfare,kesejahteraan
nyadar,nyadar
pantura,pantura
sholawatan,sholawatan
ngasih,ngasih
intimidatif,intimidatif
manies,manies
untukpragibs,untukpragibs
kebtuhan,kebtuhan
maayarakat,maayarakat
jnbx,jnbx
ruhimat,ruhimat
pasifik,pasifik
ketidaksukaanku,ketidaksukaanku
opung,opung
nkj,nkj
bonaparte,bonaparte
pamulang,pamulang
hubungi,hubungi
banten,banten
tumbler,tumbler
banyakin,banyakin
gebukin,gebukin
antam,antam
takedownnya,takedownnya
dibawa,dibawa
veraagustian,veraagustian
aniesbubble,aniesbubble
kajitow,kajitow
password,kata sandi
beberin,beberin
cemana,cemana
lainyya,lainyya
tidore,tidore
neoliberal,neoliberal
deserve,layak
mirage,mirage
kemasalahatan,kemasalahatan
pemkot,pemkot
niesomonpalsu,niesomonpalsu
putin,putin
track,melacak
blusukannya,blusukannya
musti,musti
siregar,siregar
pdemokrat,pdemokrat
mohmahfudmd,mohmahfudmd
alfred,alfred
natalius,natalius
adults,adults
benerannya,benerannya
thomas,thomas
lhkpn,lhkpn
retwit,retwit
ndase,ndase
nyawapres,nyawapres
cilegon,cilegon
melontoarkan,melontoarkan
crimes,crimes
ngefans,ngefans
ansor,ansor
prabs,prabs
varziimvp,varziimvp
mancing,mancing
coblospks,coblospks
ciamik,ciamik
singapura,singapura
petcahh,petcahh
gangguan,gangguan
struick,struick
booster,booster
gxblxk,gxblxk
speechless,speechless
injury,cedera
sudirman,sudirman
kaltara,kaltara
sarbini,sarbini
idolnya,idolnya
kedengeran,kedengeran
konsilidasi,konsilidasi
locker,locker
nyambung,nyambung
bnern,bnern
pilrpes,pilrpes
dishub,dishub
recent,baru saja
presidential,presidensial
projo,projo
hashim,hashim
orangtua,orangtua
rhomais,rhomais
subianto,subianto
menginisi,menginisi
titipkankerukunan,titipkankerukunan
expected,expected
marcos,marcos
minjem,minjem
chuaks,chuaks
ovation,ovation
caffe,caffe
captain,kapten
logic,logika
kunir,kunir
wanti,wanti
banwaslu,banwaslu
sukoharjo,sukoharjo
beneran,beneran
ngadepin,ngadepin
caramel,karamel
rahakundini,rahakundini
ciptaker,ciptaker
milihpakbowo,milihpakbowo
mnding,mnding
rstmbcl,rstmbcl
beginning,awal
gasspol,gasspol
raie,raie
delete,menghapus
knapa,knapa
clothe,pakaian
jayate,jayate
mdmahfudrebound,mdmahfudrebound
parpol,parpol
ishikawa,ishikawa
bandingin,bandingin
rubbish,sampah
banyumas,banyumas
creyqserqs,creyqserqs
ramandhani,ramandhani
interest,minat
asbun,asbun
activists,activists
jgnkan,jgnkan
pulpres,pulpres
prepared,siap
menbumn,menbumn
ngeblok,ngeblok
asiknya,asiknya
hadeeh,hadeeh
kemendikbud,kemendikbud
cenderamata,cenderamata
waah,waah
nahdliyyin,nahdliyyin
brooks,brooks
shinzou,shinzou
ngeselin,ngeselin
completely,habis
nyaa,nyaa
segambreng,segambreng
setidaknya,setidaknya
anyway,anyway
allaahuakbar,allaahuakbar
torang,torang
indones,indones
mardani,mardani
satset,satset
wijatmoko,wijatmoko
diseriusin,diseriusin
gentile,gentile
naker,naker
hafid,hafid
siprianus,siprianus
conveying,conveying
shock,syok
adaro,adaro
gaenak,gaenak
nyogok,nyogok
thahir,thahir
nagita,nagita
an,dan
bella,bella
nickel,nikel
parawansa,parawansa
milyar,milyar
ukraina,ukraina
rusia,rusia
nayain,nayain
nevertheless,tetapi
letjen,letjen
assistance,bantuan
haikal,haikal
replies,replies
nurhadi,nurhadi
hatipakbowo,hatipakbowo
menlu,menlu
koentji,koentji
siagian,siagian
londo,londo
diservice,diservice
angwar,angwar
latent,laten
jepang,jepang
gilaan,gilaan
backlash,reaksi
mengkawatirkan,mengkawatirkan
ernest,ernest
kitamasbowo,kitamasbowo
tenggelamkan,tenggelamkan
dissing,dissing
newsweek,newsweek
sprotiv,sprotiv
about,sekitar
