slang;formal
udah;sudah
gua;aku
ntar;nanti
be like;seperti
aja;saja
dah;sudah
anjir;anjing
begimana;bagaimana
online;daring
offline;luring
gpp;tidak apa
the;sebuah
struggle;perjuangan
is;adalah
real;nyata
okeh;oke
mak;ibu
tp;tapi
xpa;apa
yg;yang
faham;paham
gue;aku
korona;corona
labtop;laptop
sohib;rekat
gak;tidak
tak;tidak
gru;guru
klo;kalau
ksi;kasih
g;tidak
dgn;dengan
trs;terus
lgi;lagi
ny;nya
lgi;lagi
jdi;jadi
dobell;ganda
scroll;gulir
lo;kamu
nggak;tidak
byk;banyak
maksuf;maksud
responsive;responsif
good luck;beruntung
nih;ini
ad;ada
karna;karena
tsb;tersebut
njing;anjing
deadline;batas waktu
group;grup
parents;orang tua
ayolohhh;ayo
mamah;ibu
twt;twitter
akhibat;akibat
tu;itu
org;orang
saya;aku
pinjem;pinjam
ortu;orang tua
yookkk;ayo
cutiepie;sayang
mami;ibu
d;di
ngeblank;kosong
ibuk;ibu
lgsg;langsung
hadeeeh;aduh
memori;ingatan
anjim;anjing
plis;tolong
bund;ibu
listri;listrik
ottoke;bagaimana
ampe;sampai
kek;seperti
ga;tidak
bener;benar
amat;sekali
yak;ya
nanya;tanya
jgn;jangan
yuk;ayo
tdk;tidak
waduh;aduh
kalo;kalau
gamampu;tidak mampu
yauda;yasudah
my;punyaku
story;cerita
end;akhir
ajaa;saja
budget;biaya
exactly;tepat
gaada;tidak ada
gunanyaa;guna
onlen;daring
banget;sekali
alhamdulillah;alhamdulilah
bgt;sekali
gaperlu;tidak perlu
gaes;teman
dapet;dapat
hadu;aduh
gaess;teman
susar;susah
belamra;belajar
bagaiman;bagaimana
sm;sama
kaya;seperti
privacy;pribadi
yaudah;yasudah
orng;orang
pd;pada
udh;sudah
kl;kalau
ky;seperti
tim;grup
I did;aku
asik;asyik
mampis;mati
mampos;mati
mampus;mati
yu;ayo
dlu;dulu
baubau;bau
new;baru
pake;pakai
naruh;taruh
job;pekerjaan
kel;kelas
on;nyala
ni;ini
nk;ingin
share;bagi
math;matematika
sikit;sedikit
take;ambil
guys;teman
gengs;teman
girls;gadis
yuks;ayo
check;cek
ngabs;bagaimana
on;nyala
cam;kamera
buk;ibu
pengin;ingin
ngak;tidak
klau;kalau
bnget;sekali
dear;sayang
bangettt;sekali
anjinggg;anjing
muluuu;selalu
taii;tahi
taii;tahi
bego;bodoh
kek;seperti
abisan;habis
yukk;ayo
request;minta
yng;yang
chattingan;obrolan
horror;seram
horor;seram
jilbab;kerudung
tura;tidur
turu;tidur
ujug;akhir
japri;hubungi
mhsw;mahasiswa
rek;teman
piye;bagaimana
masamu;menurutmu
pen;ingin
ngk;tidak
open;buka
santuy;santai
cuman;hanya
cuma;hanya
kayanya;seperti
anda;kamu
pc;komputer
fix;tetap
bejibun;banyak
hunting;buru
alesan;alasan
cekkkk;cek
emang;memang
fighting;berjuang
mahasiswai;mahasswa
taik;tahi
doi;dia
panikgogi;panik
inj;ini
onlineshittt;tahi
apaa;apa
nihhh;ini
ama;sama
selese;selesai
gegara;karena
kelarrrr;selesai
jadika;jadi
kongkret;konkret
smpe;sampai
mls;malas
boker;beol
buanyakkkk;banyak
bangettt;sekali
sampek;sampai
tapiiiii;tapi
teross;terus
weekend;akhir pekan
utk;untuk
mamposs;mati
kao;kamu
nak;anak
bnr;benar
gw;aku
pliss;tolong
pak;bapak
bu;ibu
kg;tidak
tetep;tetap
onlineeeeeeeee;daring
taudehhh;tahu
ngantukkkk;ngantuk
nggk;tidak
midtest;uts
bgst;bangsat
classroom;kelas
class;kelas
dedlen;batas waktu
njim;anjing
abis;habis
mid;uts
human;manusia
diacc;terima
acc;terima
ngelag;lambat
trus;terus
bun;ibu
rekomendasii;rekomendasi
tetp;tetap
bpkny;bapak
ngantuqqq;ngantuk
gasi;tidak
momen;peristiwa
moment;peristiwa
moments;peristiwa
mantapp;mantap
pala;kepala
ibuknyaa;ibu
mon;mohon
maap;maaf
ye;ya
lelet;lambat
aamiin;amin
notif;pemberitahuan
njirr;anjing
kayak;seperti
linglung;lupa
wa;whatsapp
whatsap;whatsapp
tibatiba;tiba
tggl;tanggal
tgl;tanggal
sem;semester
poor;miskin
me;aku
mabok;mabuk
dikiiit;sedikit
diem;diam
rule;aturan
kaga;tidak
paakk;bapak
pak;bapak
ceritaa;cerita
ceritaaa;cerita
please;tolong
lemot;lambat
reposted;ulang
moodiyan;murung
moody;murung
cewe;gadis
tranding;populer
trending;populer
paansi;apa
mles;malas
bet;sekali
sopinter;sok pintar
au;tahu
bangsaadd;bangsat
beloom ;belum
ajg;anjing
ngg;tidak
sobi;teman
sobat;teman
apalagu;apalagi
tgs;tugas
allaah;allah
apain;apa
bangub;bangun
lag;lambat
ambyar;hancur
trosss;terus
tross;terus
anying;anjing
nanyak;tanya
kyk;seperti
skrng;sekarang
skrg;sekarang
e learning;elearning
gae;buat
pdhl;padahal
pdahal;padahal
pdhal;padahal
mimin;admin
min;admin
engga;tidak
iyaa;iya
iyaaa;iya
iyy;iya
iy;iya
yes;iya
y;iya
dr;dari
dri;dari
sumbe;sumber
swipe;geser
bngt;sekali
kir;kira
dosenya;dosen
log out;keluar
biasany;biasa
ternyta;nyata
msih;masih
join;gabung
bapanya;bapak
tpi;tapi
pda;pada
here;sini
we;kita
go;pergi
again;lagi
poto;foto
photo;foto
ss;screenshot
dpt;dapat
idung;hidung
glowing;cahaya
wlwpun;walau
kw;kawasan
belon;belum
pakabar;apa kabar
ntah;entah
gaberani;tidak berani
seblm;sebelum
kezzzel;kesal
capek;kesal
cape;kesal
nnti;nanti
nti;nanti
tahajuddan;tahajud
gwe;aku
belom;belum
mw;ingin
bwt;untuk
amatt;sekali
yuuuu;ayo
yuu;ayo
bbrp;beberapa
plus;tambah
jg;juga
ituu;itu
tuuu;itu
tuh;itu
anjp;anjing
anj;anjing
essensial;penting
jugak;juga
sebel;kesal
unek;uneg
next;lanjut
krusial;penting
tar;nanti
berenti;berhenti
takan;tidak
dlm;dalam
adl;adalah
hrs;harus
handsanitazer;handsanitizer
mba;kakak
mas;kakak
mbak;kakak
error;gangguan
eror;gangguan
gokill;gokil
gokilll;gokil
read;baca
shop;toko
bangt;sekali
gaksuka;tidak suka
drakor;drama korea
drama korea;drama korea
toddler;balita
kasian;kasihan
why;kenapa
what;apa
how;bagaimana
also;juga
blur;buram
elah;allah
mulu;selalu
nongol;muncul
bug;virus
sekolahhh;sekolah
sekolahh;sekolah
leyeh;santai
thank ;terimakasih
you;kamu
mood;suka
ofline;luring
knp;kenapa
power;kekuatan
mkn;makan
bs;bisa
yaallah;allah
ajaa;saja
ancur;hancur
facial;perawatan muka
nder;teman
rapog;raport
sbb;karena
pgi;pagi
liat;lihat
off;mati
assignment;tugas
assignments;tugas
right;benar
so;jadi
kal;kalian
gt;gitu
duhh;aduh
trs;terus
logout;keluar
amattt;sekali
kaliii;kali
yaah;ya
xmau;tidak
bljar;belajar
pingin;ingin
somehow;bagaimana
miss;rindu
life;hidup
almost;hampir
every;setiap
day;hari
meninggoy;mati
idup;hidup
interacting;interaksi
with;dengan
people;orang
blas;sekali
standart;standar
amburadul;acak
atuh;aduh
bat;sekali
bangettt;sekali
mmbuat;buat
anjj;anjing
screenshots;screenshot
krn;karena
runut;runtut
bnyk;banyak
emak;ibu
ud;sudah
samaa;sama
sedihhh;sedih
sedihh;sedih
banyaaak;banyak
banyaak;banyak
rilek;santai
je;saja
exam;ujian
dahla;sudah
tak;tidak
room;ruang
worth it;guna
storytell;cerita
ttg;tentang
bosen;bosan
bocah;anak
fis;fisika
bio;biologi
ujan;hujan
gada;tidak
udahlah;sudah
sambi;sambil
gimanaaa;bagaimana
ak;aku
ayok;ayo
reply;balas
too;juga
pusingg;pusing
pusinggg;pusing
duh;aduh
kls;kelas
krna;karena
feel;merasa
u;kamu
ade;adik
lg;lagi
pngn;ingin
spt;seperti
duel;tanding
circle;lingkaran
kopid;covid
cok;jancuk
semangatt;semangat
semangattt;semangat
have;punya
nice;baik
first;pertama
all;semua
sbaikmya;baik
anxiety;gelisah
submit;kirim
etc;dsb
dll;dsb
sekarangg;sekarang
course;kursus
courses;kursus
kesel;kesal
super;sangat
mencar;pisah
ato;atau
udeh;sudah
enggak;tidak
smt;semester
workshop;seminar
amat;sekali
kdg;kadang
karna;karena
tpb;tapi
see;melihat
mayan;lumayan
mayann;lumayan
pdaku;pada
secape;kesal
time;waktu
w;aku
setaun;tahun
taun;tahun
mamposla;mati
focus;fokus
twit;twitter
cepet;cepat
help;bantu
emg;memang
gmn;bagaimana
lets;ayo
support;dukung
each;sesama
other;lain
public;publik
speaking;bicara
poll;paling
kea;seperti
gestur;sikap
gesture;sikap
enaaa;enak
haih;aduh
jhe;saja
face;wajah
to;ke
convert;konfersi
clinical;klinik
years;tahun
inimah;ini
abistu;habis
february;februari
january;januari
reti;sampai
wis;sudah
wae;saja
apply;lamar
project;proyek
twit;twitter
respect;hormat
kudu;harus
them;mereka
set;setengah
bsk;besok
hadie;aduh
iyha;iya
mama;ibu
mami;ibu
jug;juga
then;lalu
fully;penuh
boss;bos
hallo;halo
aje;saja
bundz;ibu
apus;hapus
itung;hitung
nnton;nonton
trouble;masalah
diuruss;urus
njir;anjing
takda;tidak
gtgt;gitu
practical;praktikal
boong;bohong
kepake;pakai
suke;suka
sapa;siapa
semuanyaaaaaa;semua
student;siswa
students;siswa
slalu;selalu
miiin;admin
telp;telpon
aj;saja
mudeng;paham
loss;hilang
ilang;hilang
emmak;ibu
jjur;jujur
bru;baru
semwa;semua
gedeg;kesal
yabalik;balik
and;dan
login;masuk
mo;ingin
ngapaain;apa
offcam;tutup kamera
oncam;buka kamera
bomat;bodoamat
sad;sedih
mmg;memang
masuklh;masuk
diem;diam
bln;bulan
je;saja
jatoh;jatuh
jatohnya;jatuh
mmf;maaf
jbjb;tiba
gtu;gitu
heyy;halo
morning;pagi
dh;sudah
gi;lagi
smngt;semangat
kuis;quiz
cardi;cardigan
kampretos;kampret
wkt;waktu
bestfriend;teman
morningg;pagi
morninggg;pagi
kak;kakak
everyone;semua
met;selamat
she;dia
like;seperti
ngadi;ada
split;pisah
saking;sampai
smkin;semakin
rajiiiin;rajin
stand by;siap
pls;tolong
uda;sudah
shit;tahi
shits;tahi
really;benar
need;butuh
someone;orang
talk;bicara
bodo;bodoh
amat;sekali
group;grup
adek;adik
masi;masih
school;sekolah
relate;hubung
gimanaa;bagaimana
puyeng;pusing
achievement;penghargaan
tai;tahi
kasi;kasih
leha;santai
perfect;sempurna
attendaance;hadir
jawapan;jawaban
jadual;jadwal
hape;hp
slow;lambat
noti;pemberitahuan
because;karena
sekaliii;sekali
msh;masih
inget;ingat
bang;kakak
last;akhir
hapyyy;senang
dikick;usir
intern;magang
tidurrrrrr;tidur
ngzoom;zoom
damn;sial
mostly;sering
braw;kakak
temen;teman
cont;lanjut
sregep;rajin
jugaaa;juga
blended;gabung
dg;dengan
kanca;teman
akeh;banyak
seko;dari
lol;tertawa
ges;teman
flat;datar
fandom;fan
fangirl;fan
abang;kakak
ttp;tetap
moto;foto
anjirt;anjing
fak;anjing
abs;habis
wtf;anjing
out;keluar
drpd;daripada
puter;putar
make;buat
waktuny;waktu
selaluu;selalu
troboos;trobos
berenti;berhenti
stop;berhenti
emhnya;memang
td;tadi
grgr;gara
sob;teman
ngga;tidak
stupid;bodoh
nyambi;sambil
badmood;murung
demen;suka
kolor;boxer
diaa;dia
diaaa;dia
bukaan;bukan
international;internasional
officeeee;kantor
free;gratis
gitcu;gitu
darii;dari
uni;universitas
buna;ibu
bunanya;ibu
upload;unggah
story;cerita
kalii;kali
positip;positif
brooooooo;teman
bruuuhhhh;teman
webminar;webinar
skolah;sekolah
gimanasi;bagaimana
skap;skip
cmn;cuma
gblk;bodoh
jim;anjing
eek;beol
cuk;jancuk
sgt;sangat
taekk;tahi
that;itu
hate;benci
college;kuliah
offlen;luring
offlennya;luring
dama;sama
gapapaa;tidak apa
tell;beritahu
us;kami
will;akan
nannya;tanya
anjrit;anjing
smpt;sempat
ayen;aku
univ;universitas
nile;nilai
anjlog;turun
boi;anak
siah;bagaimana
napas;nafas
bernapas;nafas
robb;allah
dgrin;dengar
sek;masih
dikongkon;suruh
kongkon;suruh
najan;karena
salahno;salah
dkk;dsb
mder;teman
dat;itu
prnh;pernah
mhswnya;mahasiswa
mhsw;mahasiswa
kick;usir
paniiikkk;panik
paniikkk;panik
idupin;hidup
rank;peringkat
fav;favorit
masup;masuk
psti;pasti
dpn;depan
kamerlah;kamera
kamer;kamera
bangett;sekali
ngntuk;ngantuk
yutub;youtube
reeeeekk;teman
bangeeeeeeeeddd;sekali
even;bahkan
biasae;biasa
ttg;tentang
trmsk;termasuk
subject;subjek
he;dia
wants;ingin
happy;senang
combination;kombinasi
dude;teman
what;apa
wrong;salah
crack;pecah
serek;serak
or;atau
jwb;jawab
scr;secara
balance;imbang
left;keluar
kat;dekat
dek;dik
nyokap;ibu
bokap;bapak
wit;twitter
brisik;berisik
bcs;karena
dikasi;kasih
slese;selesai
mggu;minggu
menabahh;tambah
nabah;tambah
gasin;gas
gass;gas
gasss;gas
hayu;ayo
abah;bapak
sklh;sekolah
boring;bosan
pagiiiiii;pagi
hayo;ayo
home;rumah
ketiwi;tawa
ketawa;tawa
sampe;sampai
alfa;alpa
hr;hari
br;baru
mincot;admin
iyhh;iya
team;grup
gemeter;getar
kelar;selesai
kaak;kakak
bobooo;tidur
bobo;tidur
bobok;tidur
njirrrr;anjing
mellow;lembut
prefer;suka
naok;naik
naro;taruh
by;dari
ori;asli
yt;youtube
jk;gurau
mtk;matematika
saiki;sekarang
blass;blas
po;apa
call;telpon
mhs;mahasiswa
tauu;tahu
arek;anak
ambis;ambisius
blank;kosong
sja;saja
voice;suara
syg;sayang
fake;palsu
mblenger;terlalu
walo;walau
walopun;walau
kekeuh;kukuh
yaambunnn;allah
punggu;punggung
alesan;alasan
redirect;alih
nyatet;catat
bakal;akan
bakalan;akan
bkalan;akan
leave;keluar
cengini;siang
gi;lagi
dm;pesan
volunteer;relawan
kagok;susah
ngelambe;bicara
personal;pribadi
rotate;putar
takpa;tidak apa
dpt;dapat
ssejak;sejak
coroni;corona
beres;selesai
sumpahh;sumpah
sumpahhh;sumpah
tuhhh;itu
harusnyaa;harus
praktek;praktik
les;kursus
mimin;admin
mas;kakak
bapack;bapak
drop;jatuh
pulak;pula
give;beri
away;jauh
aslii;asli
mksudnya;maksud
mksud;maksud
kyknya;seperti
ja;saja
duk;duduk
cakap;bicara
rejeki;rezeki
rizki;rezeki
rizkinya;rezeki
rejekinya;rezeki
ujan;hujan
maybe;mungkin
brou;kakak
keep;simpan
spirit;semangat
focus;fokus
prayer;doa
believe;percaya
can;dapat
skola;sekolah
gatauuu;tidak tahu
perna;pernah
tolol;bodoh
murid;siswa
ngaco;kacau
jela;saja
book;buku
ikit;ikut
pape;apa
hrsnya;harus
mlu;selalu
see;lihat
liat;lihat
pertma;pertama
tdr;tidur
anjm;anjing
repeat;ulang
pgn;ingin
gtloh;gitu
ktmu;temu
bodo;bodoh
sik;masih
smlm;malam
looooove;cinta
in;di
sembuhhhhh;sembuh
mcm;macam
dgr;dengar
tgk;lihat
dst;dsb
cepetaaan;cepat
university;universitas
coronces;corona
apsen;absen
apalgi;apa
ade;adik
adenya;adik
buanyak;banyak
baique;baik
as;sebagai
contact;kontak
jur;jurusan
mnyimak;simak
fifty;limapuluh
dedel;susah
sby;surabaya
mna;mana
pagii;pagi
sbg;sebagai
beginiiiiii;begini
sekaliiii;sekali
kawan;teman
listen;dengar
up;atas
pede;percaya diri
pd;percaya diri
maleeees;malas
like;suka
duit;uang
duid;uang
money;uang
triak;teriak
noooo;tidak
ajj;anjing
sister;kakak
brother;kakak
nite;malam
esok;besok
equals;sama
lamaaaaa;lama
lamaaaa;lama
lamaaa;lama
lamaa;lama
yailaaah;allah
maksain;paksa
manaa;mana
full;penuh
award;penghargaan
kene;sini
mention;sebut
degdegan;deg
gituu;gitu
gituuu;gitu
yainti;inti
yaintinya;inti
gatau;tidak tahu
hype;terkenal
burem;buram
smpe;sampai
muluu;selalu
alhasil;hasil
cont;lanjut
makasii;terimakasih
makasi;terimakasih
touch;sentuh
ileran;liur
thinking;pikir
maksd;maksud
maksdny;maksud
maksdnya;maksud
mkst;maksud
mkstnya;maksud
ngewe;mesum
pr;tugas
justice;adil
manjun;manjur
stadd;ustaz
stay;tinggal
healthy;sehat
brrti;arti
ka;kakak
kreta;kereta
berbeza;beda
mantep;mantap
friver;kemudi
bgsd;bangsat
ngapa;apa
ngapain;apa
stres;stress
back;kembali
start;mulai
batre;baterai
batrenya;baterai
pengen;ingin
tuker;tukar
tukeran;tukar
time;waktu
oncam;kamera
msuk;masuk
socialize;sosialisasi
need;butuh
don;tidak
lngsung;langsung
bngun;bangun
shopping;belanja
postpone;tunda
comment;komentar
sorry;maaf
not;tidak
for;untuk
kuh;aku
akuu;aku
bcs;karena
yukkk;ayo
sendiriiii;sendiri
nderrr;teman
sirkel;lingkaran
boro;jangan
tkt;takut
graduate;lulus
hactic;sibuk
hectic;sibuk
malem;malam
fikiran;pikir
fikir;pikir
begokk;bodoh
btw;omong
berasaaa;rasa
guee;aku
gasi;tidak
allahuu;allah
bisnes;bisnis
sebenarnyaaa;benar
allahu;allah
service;layan
spot;titik
anjr;anjing
dont;jangan
things;hal
getting;jadi
worse;buruk
dunt;tidak
hv;punya
friends;teman
diff;beda
bawel;cerewet
mkin;semakin
jek;ojek
giveaway;hadiah
baij;baik
sgt;sekali
nga;tidak
gada;tidak ada
ocehan;omong
oceh;omong
lbh;lebih
pass;pas
gk;tidak
terbaikkkkk;baik
very;sangat
nice;baik
idea;ide
pandemik;pandemi
rapih;rapi
manage;atur
mgga;tidak
pastu;pasti
signal;jaringan
inimah;ini
benr;benar
fuck;persetan
luama;lama
tegor;tegur
ditegor;tegur
anjeng;anjing
quota;kuota
dsj;dsb
unfair;tidak adil
btul;betul
ofc;tentu
kerumahz;rumah
rumahz;rumah
enek;eneg
encourage;semangat
hadeh;aduh
automatically;auto
done;sudah
thanks;terimakasih
wish;harap
luck;beruntung
mantau;pantau
donlod;unduh
download;unduh
least;setidaknya
bye;selamat tinggal
byebye;selamat tinggal
mamah;ibu
enau;enak
god;tuhan
nimb;nimbun
mlah;malah
smst;semester
set;setengah
weekdays;pekan
uninstal;uninstall
gausah;tidak
cman;cuma
aing;aku
manteman;teman
gapake;tidak pakai
hijab;kerudung
anjae;anjing
anjayani;anjing
proper;layak
dec;desember
brng;bareng
gaspol;gas
rapot;raport
rampyungg;sudah
maning;lagi
ngesuk;besok
esih;masih
pressure;tekanan
maloe;malu
astagaaa;astaga
lalen;lupa
hustle;ramai
kebablasan;kelewat
bablasa;kelewat
lebi;lebih
abiji;nilai
event;acara
setidakmungkin;tidak mungkin
berak;beol
thought;pikir
cuddling;peluk
deadass;mati
refers;tuju
satuu;satu
sakitt;sakit
semogaaa;semoga
teruss;terus
everyday;setiap hari
gils;gila
uga;juga
dengaaaan;dengan
maraton;marathon
dinner;makan malam
client;klien
useless;tidak berguna
caper;cari perhatian
caperr;cari perhatian
caperrr;cari perhatian
item;hitam
belajarpun;belajar
elahhh;allah
mapelah;mapel
only;hanya
our;kami
one;satu
angell;susah
pleciden;presiden
through;lewat
dag;deg
dig;deg
dug;deg
sagne;mesum
ngekick;usir
hbis;habis
maniiis;manis
details;detil
wasap;whatsapp
standby;tinggal
love;suka
texting;obrol
text;obrol
outfit;pakaian
kantung;kantong
mrasa;merasa
thdp;hadap
malaya;malaysia
indo;indonesia
play;main
sleep;tidur
skrang;sekarang
jirr;anjing
flop;gagal
survive;bertahan
best;terbaik
feeling;perasaan
poadcast;podcast
sometimes;kadang
test;ujian
quiz;kuis
final;akhir
dewee;sendiri
crash;tabrak
yaudahlaa;sudah
months;bulan
dahhh;sudah
jwabin;jawab
mislkn;misal
jwbn;jawab
tkut;takut
mirit;siswa
hqq;hakiki
aminn;amin
poop;beol
sndri;sendiri
camping;kemah
doh;aduh
apps;aplikasi
app;aplikasi
sya;aku
bkan;bukan
spupu;sepupu
laqnat;laknat
eskul;ekstrakulikuler
ngilang;hilang
sist;kakak
luv;sayang
sabi;bisa
interact;interaksi
muridnya;siswa
apakbar;apa kabar
opsi;pilihan
recorder;rekam
nongkrong;kumpul
nongki;kumpul
wonge;orang
ancen;memang
iki;ini
lag;lambat
asu;anjing
udahan;sudah
aq;aku
ibun;ibu
ayah;bapak
gasanggup;tidak sanggup
manut;nurut
rank;peringkat
rangking;peringkat
skarang;sekarang
mindset;pikir
jugaaaaa;juga
asuuuuuu;anjing
bokep;porno
ngebokep;porno
taiiii;tahi
point;titik
pasrahh;pasrah
yaudahla;sudah
kagettt;kaget
tricky;rumit
edgy;gelisah
buosen;bosan
expectation;harap
reality;realitas
attack;serang
dahal;padahal
ttep;tetap
msk;masuk
silent;diam
kulaih;kuliah
ijin;izin
emng;memang
smph;sumpah
excited;semangat
makasih;terimakasih
mngkin;mungkin
apala;apa
decided;memutuskan
masturbate;masturbasi
denger;dengar
kmrn;kemarin
kemaren;kemarin
bdg;bandung
ikutt;ikut
oengen;ingin
kelen;kalian
lamaaaaa;lama
fresh;segar
kuliat;lihat
isoo;bisa
abes;habis
muzikgempak;musik
pinter;pintar
diaa;dia
jugaa;juga
males;malas
hariini;hari
smgt;semangat
konsen;konsentrasi
fav;suka
tehthering;tethering
sialllllllllll;sial
tmn;teman
cowo;cowok
sumpe;sumpah
cheating;curang
cheat;curang
kakel;kakak tingkat
sangatttt;sangat
habisla;habis
keasikan;asyik
regis;registrasi
itung;hitung
welcome;selamat datang
muk;ingin
masterpiece;mahakarya
cororong;corona
gatay;tidak tahu
entar;nanti
nongkrrong;kumpul
eren;keren
iyegahhh;tidak
dirumaahh;rumah
mandipun;mandi
dha;sudah
korona;corona
klen;kalian
anjg;anjing
beneerr;benar
bangeettt;sekali
bpk;bapak
macem;macam
adlh;adalah
penat;pusing
sekola;sekolah
tapii;tapi
kdng;kadang
kaliam;kalian
hayuk;ayo
party;pesta
embo;tidak tahu
bolot;tuli
budeg;tuli
omg;tuhan
bundir;bunuh diri
pengin;ingin
sad;sedih
alpokat;alpukat
avocado;alpukat
reformasj;reformasi
tkut;tidak
mengajarr;ajar
ajarr;ajar
cintaim;cinta
probably;mungkin
overthinking;pikir
betulllll;benar
doswn;dosen
seger;segar
rona;corona
sepineee;sepi
polllllll;sangat
orgorg;orang
dn;dan
mudeng;paham
problem;masalah
hrus;harus
schedule;jadwal
gasik;tidak
stgh;setengah
goblokkk;bodoh
lagiiii;lagi
alloh;allah
ln;lain
gaadak;tidak ada
jaman;zaman
etapi;tapi
bgtt;sekali
iyaaaaa;iya
sng;senang
connection;koneksi
ikt;ikut
adapted;adaptasi
seneng;senang
weird;aneh
konsul;konsultasi
pa;bapak
maloee;malu
lagii;lagi
pakek;pakai
semangak;semangat
menurutgw;nurut
tbh;jujur
internship;magang
scholarship;beasiswa
ilmunyaaa;ilmu
djancokk;jancuk
serep;serap
enjoy;nikmat
plan;rencana
hopefully;harap
ginii;begini
brpa;berapa
tarsoktarsok;nanti
panikk;panik
bangeeet;sekali
ambyarrrrr;hancur
ampunddd;ampun
maen;main
wayahe;waktu
hape;hp
entok;dapat
kiraiin;kira
asw;anjing
monangesss;nangis
punyaaaaa;punya
adi;adik
pgen;ingin
music;musik
favorite;suka
sbgai;sebagai
gabs;tidak bisa
jdny;jadi
gada;tidak ada
sajahh;saja
bapa;bapak
without;tanpa
bilding;gedung
stuffs;barang
normalize;normal
kmi;kami
afternoon;sore
gilak;gila
ndaa;tidak
gituu;gitu
mslah;masalah
drumah;rumah
tntang;tentang
ripyuu;tinjau
sinyal;jaringan
meneh;lagi
anaku;anak
buzzer;buzer
leading;pimpinan
polybag;polibag
purwakarta;Purwakarta
resources;sumber daya
bslah;salah
mandela;mandela
sense;rasa
mahfud;mahfud
repetition;pengulangan
suwun;terima kasih
otopilot;autopilot
diwanti;diwanti
religion;agama
ngebor;menggali
sekjen;sekretaris jenderal
iqbal;iqbal
jubirnya;juru bicaranya
jonan;Jonan
wapres;wakil presiden
penerima harapan;penerima harapan
baksos;bakti sosial
innocent;tak bersalah
sebelh;sebelumnya
pemb;pembelian
freind;sahabat
memberika;memberikan
bingar;gempar
pilihprabowogibran;pilih prabowo gibran
rafael;Rafael
syaiful;Syaiful
never;tidak pernah
dllnya;dan lain-lainnya
leste;lesti
startup;startup
genetik;genetik
connectin;koneksi
canon;Canon
jnsk;jenis
contract;kontrak
aswaja;aswaja
wilfrida;wilfrida
roasting;menghina
sensitivity;sensitivitas
retno;retno
berterimakasih;berterima kasih
klompok;kelompok
wewenang;wewenang
gumay;Gumay
gblok;bodoh
khoir;khair
ngelike;sangat suka
baswedan;baswedan
should;seharusnya
askara;askara
simple;sederhana
rpe;rupiah
ketahanan;ketahanan
diskualisifikasi;diskualifikasi
mengogong;menggonggong
question;pertanyaan
mcdonald;mcdonald
research;riset
banser;Banser
saidah;Saidah
dukungantulus;dukungan Tulus
refurbishment;perbaikan
dibenerin;diperbaiki
sblmnya;sebelumnya
dinasty;dinasti
issue;isu
sahroni;Sahroni
space;ruang
doorprize;hadiah
meminimalisir;meminimalkan
sadewo;Sadewo
ayahbowogbran;Ayah Prabowo Gibran
tanggerang;Tangerang
hhmm;
ghurem;gerimis
innovations;inovasi
based;berbasis
suhada;Suhada
krini;kini
msyrkt;masyarakat
napoleon;Napoleon
pandampamungkas;pandangan pemujaan yang maha kasih
ramein;ramai
rukum;Rukun
pangandaran;Pangandaran
danjen;Panglima Jenderal
amnkeun;amankan
chill;tenang
basuki;Basuki
prilaku;perilaku
poskota;Pos Kota
cringe;tidak jelas
hassan;Hassan
nyeletuk;bilang
pangarep;harapan
bhakti;bakti
jateng;Jawa Tengah
syria;Suriah
bicaran;bicara
marselino;Marselino
rb;ribu
fitur;fitur
peace;perdamaian
tirto;Tirto
nyatu;bersatu
beach;pantai
untukmasyarakat;untuk masyarakat
hingar;hingar bingar
nyenggol;senggol
erick;Erick
berfikir;berpikir
jnkao;makanan cepat saji
ganjab;Ganjar
sucses;sukses
dsbnya;dan sebagainya
baitulloh;masjid
diviralkan;viral
radikul;radikal
nyungsep;jatuh
since;sejak
akhlakless;tidak punya akhlak
security;keamanan
ktnya;katanya
ghufron;ghufron
mngatakan;mengatakan
agromaritim;agro maritim
wirausaha;wiraswasta
trained;terlatih
fawzi;Fauzi
jnuk;jenuh
rocky;Rocky
iskandar;Iskandar
rakorpimnas;Rapat Koordinasi Pimpinan Nasional
sumringah;bahagia
block;blok
dibattle;tanding
boedi;Budi
nyimak;mengikuti dengan seksama
input;input
mesrah;mesra
playing;bermain
nawarin;menawarkan
ngapusi;bohong
pomolango;Pomolango
sector;sektor
alhamdulilah;alhamdulilah
capres;calon presiden
tribun;tribun
apologize;minta maaf
takmir;penjaga masjid
addressing;mengatakan
dibilan;bilang
supporters;pendukung
yordania;yordania
plihan;plihan
gerindra;gerindra
daliyo;daliyo
hamas;hamas
iara;iara
speak;berbicara
ngurus;urus
kesalahpahaman;salah paham
benny;benny
beckgroundnya;latar belakang
disembuny;sembunyi
hendry;hendry
fan;kipas
jangung;jagung
maksa;paksa
china;cina
nikki;nikki
mapenduma;mapenduma
jnpj;JNPK
motpr;motor
impikam;mimpi
bullshit;omong kosong
mocked;diejek
posting;mengirim
youtubenya;YouTube nya
couple;pasangan
jimly;Jimly
gumelar;Gumelar
daebak;terbaik
wkwkwkwk;
asyghil;Asyghil
great;hebat
criminal;kriminal
sumenep;Sumenep
sruduk;tabrak
values;nilai
aside;selain itu
miners;penambang
politics;politik
mongering;penyebaran fitnah
prodi;program studi
sulsel;Sulawesi Selatan
strategic;strategis
penghianat;pengkhianat
tunjukin;tunjuk
nahan;tahan
bilih;berilah
siber;Siber
president;presiden
dipertimbankan;dipertimbangkan
rieke;Rieke
fishing;memancing
pantes;pantas
parung;Parung
cebokin;bersihkan
print;mencetak
ngasi;memberikan
nunduk;tunduk
changer;ubah
maluin;memalukan
older;lebih tua
radjiman;Radjiman
ainunnajib;Ainun Najib
perie;pergi
ngebangun;bangun
ngotot;memaksa
atambua;Atambua
movement;gerakan
dydyaa;
mudahan;mudah-mudahan
blunder;kesalahan besar
pedekate;pendekatan
julidin;sindir
bazaar;pasar
surabaya;Surabaya
malioboro;Malioboro
behaved;berperilaku
pemilu;pemilihan umum
retweet;kirim ulang
orbong;orde baru
entertaining;menghibur
social;sosial
berstatmen;pernyataan
provincial;provinsi
ganjarr;Ganjar
menyakini;yakin
nantangin;menantang
soldiers;prajurit
restoratif;restoratif
leontinus;Leontinus
square;persegi
denial;penolakan
kitakeren;kita keren
mengunakan;menggunakan
merauke;Merauke
minutes;menit
tebet;Tebet
screenshot;tangkapan layar
crisis;krisis
ngirim;mengirim
sianies;si Anis
emotional;emosional
opinion;pendapat
oxford;Oxford
swallow;telan
jauuhh;jauh
kumpulin;mengumpulkan
bakrie;Bakrie
bertanya;bertanya
place;tempat
matian;mati
detikcom;kanal berita Detik
goebbels;Goebbels
ngacaa;instropeksi diri
bukittinggi;Bukittinggi
denpasar;Denpasar
gobel;Gobel
mengupgrade;memperbarui
fetched;diambil
sumsel;Sumatera Selatan
sikutu;sekutu
lasso;lasso
bagiin;bagi
bonafid;keuntungan
quite;cukup
polibak;kantong tanam
komika;pelawak
streaming;menonton
water;air
yaqut;Yaqut
israelpun;Israel pun
conference;konferensi
cyber;siber
jnab;JNAB
admin;admin
rebranding;perubahan merek
brsatu;bersatu
gameover;tamat
indon;Indonesia
kdt;KDT
abuya;Abuya
tiktokers;pengguna TikTok
pigai;Pigai
khabar;kabar
diframing;disimbolkan
pilihe;pilih
glorifikasi;perbuatan memuliakan
menandatangani;menandatangani
konghucu;Konghucu
everything;segala sesuatu
madiun;Madiun
phsicology;psikologi
popers;penggemar pop
disebutin;disebutkan
boomerang;bumerang
rakabuming;Rakabuming
persetruan;perseteruan
sempet;sempat
recreate;menciptakan kembali
vidio;video
biasaa;biasa
damin;Damin
megang;pegang
unhas;Universitas Hasanuddin
maauk;masuk
giant;raksasa
yespakbowo;Oke Pak Prabowo
address;alamat
sanusi;Sanusi
memframing;membingkai
picara;bicara
parengan;pangeran
sebaga;sebagai
tanggungjawab;tanggung jawab
innalilahi;Innalilahi
nggandeng;mengajak
kenegarwanan;kewarganegaraan
aminajadulu;Amin Aja Dulu
jelasin;jelaskan
gimmick;trik
ngajak;mengajak
dhani;Dhani
edison;Edison
snowball;efek berkelanjutan
anugrah;rahmat
kasihin;kasihan
mahmudiyyah;muhammadiyah
mikirin;memikirkan
simply;dengan sederhana
hasto;Hasto
gabisa;tidak bisa
ricky;Ricky
ditjen;Direktorat Jenderal
alfarisi;Alfarisi
cokk;bang
bhinneka;Bhinneka
diminimlisir;diminimalkan
zubir;juru bicara
mangrove;mangrove
brigjen;Brigadir Jenderal
janjiin;janjikan
wartakota;Warta Kota
gokil;lucu
islamophobic;paham takut Islam
undecided;tidak tahu
amiin;amin
inspirator;inspirasi
kitatetap;kita tetap
qobulkan;capai
rebound;pantulan
sappo;siapa
tulungagung;Tulungagung
bahrain;Bahrain
jagain;jaga
hamdan;Hamdan
himbauan;himbauan
meteng;hamil
tentornya;gurunya
penghargaan;penghargaan
listyo;Listyo
fahri;Fahri
salawatan;shalawat
skaligus;sekaligus
menhan;Menteri Pertahanan
strongly;dengan tegas
exponen;eksponensial
korean;Korea
reaktivasi;mengaktifkan kembali
panjenengan;Anda
dipublish;dipublikasikan
dihadang;hadang
yupss;benar
keamanan;keamanan
masyaallah;Masyaallah
mendzolimi;menyakiti
hoax;berita bohong
bodoamat;tdaik peduli
detikfinance;kanal berita Detik
bosque;bosku
et;et
pilpres;pemilihan presiden
polda;kepolisian daerah
motong;potong
berhadapan;berhadapan
disalahin;disalahkan
encountered;dihadapi
lovely;indah
perushaan;perusahaan
bpupki;BPUPKI
mukul;pukul
timsesnya;tim sukses
pinguin;penguin
kenyah;kenyang
perpusnas;perpustakaan nasional
tangkep;tangkap
cimala;Cimala
imagine;membayangkan
ngecak;ngecap
zoelva;Zoelva
faisal;Faisal
timor;Timor
sinpo;baja
mission;misi
jumlahny;jumlahnya
asked;bertanya
kompastv;kanal berita Kompas TV
jompu;berat sebelah
berstatemen;berpendapat
timses;tim sukses
trials;uji coba
muzakir;Muzakir
wkwkwkkw;
posturing;bentuk tubuh
majalengka;Majalengka
eitss;
millennials;generasi milenial
ngerespon;respon
satpol;Satuan Polisi
bansos;bantuan sosial
fahamlah;paham
property;properti
terangan;terang
contrack;kontrak
omonomon;berbicara saja
rocks;batu
analisanya;analisis
naqsabandiyah;Naqsabandiyah
listens;dengar
debest;terbaik
keseimpulan;kesimpulan
nuhun;terima kasih
gadget;perangkat digital
mulyanto;Mulyanto
transpo;transportasi
sthevannys;Stevanny
ngekos;tinggal di kos
pembebesan;pembebasan
ngebuka;membuka
marapi;Marapi
berkarir;berkarir
sengklek;licik
walapun;walaupun
ketidaknetralan;tidak netral
samudera;samudera
diartiin;arti
mualem;malem
widodo;Widodo
cibadak;Cibadak
extended;diperpanjang
dimoderenisasi;modern
masal;masal
adzan;adzan
menjadi;jadi
ngontrak;kontrak
tanjungmekar;Tanjungmekar
imigrant;imigran
nenangga;tetangga
keluarin;keluarkan
pilihankita;pilihan kita
cemen;tidak berani
nyangka;sangka
nyontek;sontek
problema;masalah
uzbekistan;Uzbekistan
epitomenya;epitome
hphnya;hp
ngene;begini
ampun;ampun
wulandari;Wulandari
hamka;Hamka
bravo;hebat
elaboratif;kolaboratif
milihtulusnya;pilih tulusnya
dhuafa;dhuafa
rizal;Rizal
bolott;bodoh
sangat;sangat
demanding;menuntut
after;setelah
gbranpasti;gambaran pastinya
didenger;dengar
aryoko;Aryoko
berhentipan;berhenti pun
crying;menangis
zayyan;Zayyan
ditindaklanjuti;ditindaklanjuti
kampanyein;kampanye
ngolok;mengejek
jnv;JNV
rukan;rumah makan
foods;makanan
otsus;Otonomi khusus
clear;jelas
dibilangin;diberitahu
menjadi;menjadi
thoillah;thoyyibah
diapain;diapakan
alpha;pemimpin
biayain;biaya
agree;setuju
hotman;Hotman
dijulidin;disindir
armaments;persenjataan
henusa;Henusa
kodim;komando distrik militer
taqdir;takdir
ponorogo;Ponorogo
hetero;beragam
amien;Amin
straightforward;langsung
perform;melakukan
pamekasan;Pamekasan
kenegarawanan;kenegaraan
identtas;identitas
browsing;menjelajah
sahid;Sahid
keikutsertaan;ikut serta
chiki;makanan berbumbu
supporting;mendukung
unhan;Universitas Pertahanan
malming;malam minggu
understanding;pemahaman
station;stasiun
respon;tanggapan
bapernya;bawa perasaan
niretika;tidak punya etika
gentanyangan;membayangi
sebenernya;sebenarnya
kemenhan;Kementerian Pertahanan
mempertanggungjawabkan;tanggung jawab
erasigotongroyong;era gotong royong
jendral;jenderal
leaders;pemimpin
definitely;pasti
kpoppers;penggemar musik korea
integrator;integrasi
palingtepat;paling tepat
andrejanuar;Andre Januar
wwii;Perang Dunia
black;hitam
asatidz;asatidz
ngucapin;berkata
angandaran;Pangandaran
wonosalam;Wonosalam
perspective;sudut pandang
policy;kebijakan
jogging;berlari
rounder;lebih bulat
ica;ica
jusuf;Jusuf
sandiaga;Sandiaga
parliament;parlemen
nunggu;tunggu
jelekin;mengejek
hayoo;ayo
thinks;berpikir
vokasi;vokasi
korea;Korea
prabroro;Prabowo
kadin;kepala dinas
arief;Arief
battle;pertempuran
neutrality;netral
candidates;kandidat
ngebacot;berbicara saja
dekat;dekat
ijtima;bulan baru
rudiantara;Rudiantara
independensi;independen
paslon;pasangan calon
trunoyudo;Truno Yudo
perlunyanya;perlu
driver;pengemudi
ngang;mengangguk
image;gambar
karanganyar;Karanganyar
effect;efek
batam;Batam
inspiratif;inspirasi
denny;Denny
neriakin;teriak
pilgub;pemilihan gubernur
kereen;keren
lesat;cepat
pramono;Pramono
qatar;Qatar
batch;kelompok
aamin;amin
paramadina;Paramadina
panas;panas
baitul;masjid
sekda;sekretaris daerah
ngajabarkeun;mengabarkan
masbowogibran;Mas Prabowo Gibran
duluan;lebih cepat
yudhoyono;Yudhoyono
lauik;lauk
bargaining;tawar menawar
husada;Husada
kadrun;kadrun
orias;orias
sumberdaya;sumber daya
critically;secara kritis
citarum;Citarum
procedural;prosedur
pranowo;Pranowo
ngatain;mengatakan
memainkan;main
kendari;Kendari
tapanuli;Tapanuli
rminan;cerminan
papua;Papua
nanem;tanam
merapihkan;merapikan
those;itu
kajari;kejaksaraan agung RI
ns;ns
anime;anime
pikirin;pikir
paslon;pasangan calon
baik;baik
aniesfpi;Anies FPI
assegaf;Assegaf
kopassus;Komando Pasukan Khusus
pendukung;pendukung
fears;ketakutan
plate;piring
campaign;kampanye
underestimate;meremehkan
methods;metode
nolak;tolak
canvassing;penggalangan suara
sipss;oke
kredibel;terpecaya
baper;bawa perasaan
pronouns;kata ganti
pelalawan;Pelalawan
bajer;buzzer
kompascom;kanal berita Kompas TV
wiranto;Wiranto
ngarso;tua
unlawful;melanggar hukum
rembug;rapat
musrenbang;Musyawarah Rencana Pembangunan Daerah
gusmao;Gusmao
kemlithak;kemlithak
magelang;Magelang
rjnkx;rjnkx
ormas;organisasi masyarakat
halasan;balasan
ngelanjutin;melanjutkan
treat;memperlakukan
kodam;penjaga
mebgenai;mengenai
wolak;bolak
cilacap;Cilacap
difahami;dipahami
jarul;jalur
palestine;Palestina
memastikanditps;memastikan di TPS
search;pencarian
setya;setia
renon;Renon
akoteka;akoteka
padahl;padahal
gerlamata;gerlamata
kpoper;penikmat musik korea
hours;jam
ngetawain;menertawakan
industry;industri
tjahaja;Tjahaja
umpatin;umpat
somalia;Somalia
prepare;persiapan
bohir;bohir
assalamu;Assalamualaikum
karno;Karno
ayahbowo;Ayah Prabowo
their;mereka
ngetwit;menulis
young;muda
crazy;gila
papers;jurnal
ngadu;aduan
ing;ingin
ngangkat;mengangkat
shiddiq;benar
kesalahan;kesalahan
center;pusat
youtube;YouTube
komentarin;komentar
mendag;Menteri Perdagangan
educated;terdidik
mardiasih;Mardiasih
michael;Michael
sunda;Sunda
nyari;cari
menggarisbawahi;menggarisbawahi
mataram;Mataram
illegal;ilegal
gasspoll;oke
kalimantan;Kalimantan
digorontalo;di Gorontalo
former;mantan
harun;Harun
yogya;Yogyakarta
thrifting;pakaian bekas
choices;pilihan
branding;branding
reading;membaca
stainless;anti karat
children;anak-anak
gateway;gerbang
konverternya;konverter
ngibul;berbohong
menbatu;membantu
sertifikattanah;sertifikat tanah
pluralism;pluralisme
widjajanto;Widjajanto
mahfudu;Mahfud
defensenya;pertahanan
charge;biaya
antonius;Antonius
nelatan;nelayan
brunya;punya
haechan;Haechan
yaman;Yaman
smelter;smelter
joged;goyang
salahsatu;salah satu
makkah;Makkah
ndalem;rumah
aspire;bercita-cita
intansi;instansi
naive;naif
kitamuda;kita muda
jogoloyo;jogoloyo
sesimple;mudah
trini;Trini
flying;terbang
antitoleransi;anti toleransi
ngancem;mengancam
bismillahirrahmanirrahim;Bismillahirrahmanirrahim
khilafah;kepemimpinan
local;lokal
questions;pertanyaan
dipuji;dipuji
rifan;Rifan
voter;pemilih
stand;berdiri
terkaing;terkait
notice;perhatian
force;kekuatan
freedom;kebebasan
yee;ya
officer;petugas
seolah;seperti
buzer;buzzer
pendawa;pendawa
fatsum;Fatsum
closedoors;tertutup
ngumpul;kumpul
dangbran;dangbran
happens;terjadi
menyebarluaskan;menyebarkan
would;akan
beiqnhxqr;
salute;memberi hormat
gwanhee;Gwanhee
engage;terlibat
instead;sebagai gantinya
acehpun;Aceh pun
aeange;aeange
mayoitas;moyoritas
menham;Menteri Pertahanan
tegalega;Tegalega
rohingnya;rohingnya
risma;Risma
kingdom;kerajaan
marvel;Marvel
nanyain;menanyakan
gerakin;gerak
xd;
kabid;Kepala Bidang
panitya;panitia
betawi;Betawi
ngejatuhin;menjatuhkan
sahabatganjar;sahabat Ganjar
selandia;Selandia
kebahagian;kebahagiaan
rachmat;rahmat
asnawi;Asnawi
sosmed;sosial media
terdzalimi;tersakiti
anies;Anies
membenani;membebani
notch;top
ajee;saja
misleading;menyesatkan
salman;Salman
kapable;mampu
musuhin;musuh
deliver;kirim
integrated;terintegrasi
ngedeketin;mendekatkan
thamrin;Thamrin
puzzel;puzzle
buffering;buffering
belio;beliau
berparpol;berpartai politik
bubble;gelembung
shame;malu
jabodetabek;Jabodetabek
keanekaragaman;keanekaragaman
manggarai;Manggarai
mereka;mereka
mandeville;Mandeville
mmbuktikan;membuktikan
technokrat;cendekiawan
cicalengka;Cicalengka
mohammad;Mohammad
tough;tangguh
agropolitan;pembangunan pertanian
humanies;humanis
comeback;kembali
mamatgs;Mamatgs
ngosan;lelah
thing;hal
katro;miskin kuno
oohh;
cards;kartu
diinvite;diundang
dispatch;pengiriman
malin;Malin
india;India
sitinjau;Sitinjau
pamphlet;brosur
fadli;Fadli
ijinnya;izin
walike;kebalikan
suciwati;suciwati
lemhanas;Lemhanas
force;kekuatan
balikpapan;Balikpapan
ngesetting;mengatur
jelaskn;jelaskan
milenia;milenium
jnc;JNC
lactose;laktosa
george;George
susenas;Susenas
pemimimpin;pemimpin
insider;orang dalam
sprti;seperti
videoin;rekam video
gasih;gas
jnkd;JNKD
telegroup;grup telegram
hpnya;handphone
feelingnya;perasaan
ngehe;haha
masang;memasang
securty;keamanan
yogyakarta;Yogyakarta
rosiade;Rosiade
ketmu;ketemu
sutiyoso;Sutiyoso
menkeu;Menteri Keuangan
chaniago;Chaniago
jna;JNA
nganjuk;Nganjuk
rengasdengklok;Rengasdengklok
nothing;tidak ada
aziziyah;Aziziyah
ijinin;izin
occupation;pekerjaan
change;perubahan
sbgmn;sebagai mana
membrantas;memberantas
johnny;Johnny
semangaat;semangat
purbalingga;Purbalingga
feels;perasaan
perindo;Perindo
memuja;memuji
istiqosah;istiqosah
najwa;Najwa
aliyyah;Aliyyah
powernya;kekuatannya
combo;kombinasi
soeharto;Soeharto
zulhas;Zulhas
carlos;Carlos
uniting;menyatukan
trlahir;terlahir
trirengga;Trirengga
nainggolan;Nainggolan
kenyataanya;kenyataan
ngorbanin;mengorbankan
gimna;bagaimana
sebuah;sebuah
blusukan;terjun ke bawah
iyeth;iya
koprasi;koperasi
datanesia;data
srimulat;Srimulat
devy;Devy
tuntutan;tuntutan
biden;Biden
jnkbf;JNKBF
dramatisir;drama
landmark;monumen
furong;Furong
cou;cou
equal;sama
luring;luar jaringan
backgroundnya;latar belakang
wapresnya;wakil presiden
allowed;diizinkan
muaro;muara
ormek;ormas
hasim;Hasim
lebay;berlebihan
coming;datang
payment;pembayaran
jabatanya;jabatan
outing;keluar
cakin;yakin
appreciate;menghargai
belepotan;berantakan
aditama;Aditama
mulyo;mulia
tetapsabar;tetap sabar
outlier;paling beda
daring;dalam jaringan
quote;kutipan
bandarin;bandar
astagaa;astaga
jnwj;JNWJ
inkindo;Inkindo
roeslani;Roeslani
several;beberapa
anjay;keren
ekslusif;eksklusif
baswaslu;Baswaslu
nyebut;sebut
semuakerja;semua kerja
brebes;Brebes
ditingkatin;meningkatkan
lingkaran;lingkaran
kristiyanto;Kristiyanto
mistakes;kesalahan
sptbnwo;sptbnwo
detikjateng;Detik Jateng
tiktoknya;TikTok-nya
twips;twips
solutif;solusi
baiturrahman;Baiturrahman
jnxe;JNXE
gaspoll;boleh
ngumumin;mengumumkan
pengalaman;pengalaman
angkot;angkot
fastest;tercepat
counter;lawan
basie;basi
lingkunga;lingkungan
yopora;iya apa tidak
pastikanmenang;pastikan menang
maruar;Maruar
metia;Metia
learn;belajar
massive;besar
coblose;pilih
ustadz;ustadz
ngulik;kulik
pager;pagar
gunshop;toko senjata
paramida;Paramida
ditakutin;ditakuti
insyaa;insya
bareskrim;Bareskrim
mensupply;menyediakan
dikarang;cikarang
iming;bonus
predictor;prediktor
offensive;menyerang
tried;mencoba
samsul;Samsul
mnunjang;mendukung
ketikadiserang;ketika diserang
wedyodiningrat;Wedyodiningrat
nyambungnya;hubungan
ngambek;marah
tonight;malam ini
cirebon;Cirebon
ketidaktahuan;tidak tahu
menangkan;menang
trnyata;ternyata
burning;terbakar
bantul;Bantul
nonton;tonton
environment;lingkungan
achtung;achtung
akhirnyaa;akhirnya
serahkn;serahkan
candidate;kandidat
hadhrami;Hadhrami
kebersamaan;kebersamaan
ngerantau;merantau
omone;omong
adams;Adams
organize;atur
didzalimi;disakiti
babinsa;Babinsa
woman;wanita
aiman;Aiman
questioned;dipertanyakan
sepakbola;sepak bola
estate;properti
aksesbilitas;aksesibilitas
testimoni;testimoni
alutsista;alat utama sistem persenjataan
nerusin;teruskan
luhut;Luhut
hartarto;Hartarto
diceraiin;dicerai
trolling;trolling
konprehensif;komprehensif
endonesia;Indonesia
penertiban;tertib
store;toko
gelarny;gelarnya
challenging;menantang
ngomongin;membicarakan
metrotv;Metro TV
neutral;netral
harder;lebih sulit
website;website
baratmahfud;Barat Mahfud
singkawang;Singkawang
farhati;Farhati
tohh;toh
catchy;menarik
balita;berita
somad;Somad
changed;berubah
tasikmalaya;Tasikmalaya
beritau;memberitahu
meutya;Meutya
gaizz;guys
isekarangganjar;sekarang Ganjar
frequently;sering
pdi;PDI
memabngun;membangun
increase;meningkatkan
alusista;alat utama sistem persenjataan
ordal;orang dalam
disdik;Dinas Pendidikan
merespon;respon
nusron;Nusron
kelebiha;kelebihan
ujungnya;akhirnya
barus;baru
ngobok;menggali
truth;kebenaran
tempodotco;Kanal Berita Tempo
lobby;lobi
dikondisiksn;dikondisikan
bugis;Bugis
suriah;Suriah
agrinas;Agrinas
mulyani;Mulyani
etznytunp;etznytunp
palanggaran;pelanggaran
projectnya;proyek
milih;pilih
literasinya;literasi
bolompapueng;bolompapueng
mencle;tidak sesuai
disinylir;disinyalir
ditaro;diletakkan
adisucipto;Adisucipto
mohamed;Mohamed
satsiber;satuan siber
berkomeptisi;berkompetisi
ethics;etika
repost;sebar ulang
dilaksankan;dilaksanakan
nyalahin;menyalahkan
hehehehe;haha
trust;kepercayaan
bikinadem;bikin adem
salfok;salah fokus
mabes;markas besar
kesejahteraan;kesejahteraan
rakyatsenang;rakyat senang
choco;cokelat
flamed;terbakar
viewsnya;penonton
genocide;genosida
colonialisme;kolonialisme
nasution;Nasution
reconcile;mendamaikan
chaos;kekacauan
casanofa;Casanofa
military;militer
gimanapun;bagaimanapun
dianggep;dianggap
review;tinjauan
copras;kopras
bomatlah;tidak peduli
mohamad;Mohamad
unduk;tunduk
kaisang;Kaesang
amerika;Amerika
calling;panggilan
ngehasut;hasutan
nakut;takut
tugiman;Tugiman
supriatna;Supriatna
toefl;TOEFL
commitment;komitmen
malaysia;Malaysia
meritokrasi;meritokrasi
thariq;Thariq
palembang;Palembang
dijanjiin;dijanjikan
realita;kenyataan
mengupload;mengunggah
rakyatmau;rakyat mau
chiko;Chiko
ketidakhadiran;tidak hadir
tetiba;tiba tiba
ngingetin;mengingatkan
fxnhwomm;
humble;rendah hati
ddptkan;didapatkan
legislatif;legislatif
stress;stres
mizwar;Mizwar
xanana;Xanana
austin;Austin
applause;tepuk tangan
blora;Blora
nakes;tenaga kesehatan
ibukota;ibu kota
feminist;feminis
expo;pameran
portrayed;digambarkan
hisyam;Hisyam
kirain;sekiranya
komunikasi;komunikasi
listening;mendengarkan
smntra;sementara
carington;Carington
hominem;hominem
plying;memainkan
anakku;anak
income;pendapatan
insyaallah;insya allah
ngendaliin;mengendalikan
sharing;berbagi
sugito;Sugito
influencer;influencer
trend;tren
tinggalin;tinggalkan
pokoke;intinya
location;lokasi
pindad;Pindad
milihmenang;memilih menang
dijadiin;dijadikan
netizens;netizen
mngmcam;menghormati
country;negara
setiap;setiap
cilincing;Cilincing
kriteri;kriteria
impactful;berdampak
mboten;tidak
occupied;diduduki
sukabumi;Sukabumi
survey;survei
bombarded;diserang
persija;Persija
antony;Antony
quick;cepat
nerotumilena;Nerotumilena
having;memiliki
suheru;si Heru
tetang;tentang
grativikasi;gratifikasi
otoritarian;otoriter
kominfo;Kementerian Informasi dan Komunikasi
ruar;luar
hotline;kontak telepon
nasty;tidak sennag
jxcd;
gafud;
titan;besar
tersandra;sandera
kesatrian;satria
mndukung;mendukung
muhammadiyah;Muhammadiyah
semetinya;seharusnya
tknnya;tim kampanye
compared;dibandingkan
sbelum;sebelum
istighosah;istighosah
adwinka;Adwinka
market;pasar
alustita;alat utama sistem persenjataan
sstt;
supo;siapa
dibuntutin;dibuntuti
aakurecqk;aku
ketidaksamaan;tidak sama
diusirin;diusir
meriksa;periksa
baguus;bagus
daily;harian
distributed;didistribusikan
mengendorse;mempromosikan
freemason;Freemason
relation;hubungan
likes;suka
novanto;Novanto
karenahati;karena hati
success;sukses
nahdlatul;Nahdlatul
warming;pemanasan
investment;investasi
nguyen;Nguyen
henny;Henny
dimarahin;dimarahi
rwaar;
surveynya;survei
shihab;Shihab
patiunus;Pati Unus
better;lebih baik
yusak;rusak
friendster;lingkungan pertemanan
islamic;Islam
sangarr;keren
dipapua;di Papua
earlier;lebih awal
resfons;respon
yakan;benarkan
pstinya;pasti
syaikhu;Syaikhu
tiand;tiang
marzuki;Marzuki
arguments;argumen
trisakti;Trisakti
afrika;Afrika
nailing;memaku
makes;membuat
hendropriyono;Hendropriyono
jatim;jawa timur
wakanda;Wakanda
dengerin;dengarkan
alexis;Alexis
kapabilitas;kapabilitas
terimakasih;terima kasih
double;ganda
hadhramaut;Hadhramaut
terpanaa;terpukau
taiwan;Taiwan
mesir;Mesir
menhannya;menteri pertahanan
ombudsman;ombudsman
brong;borong
milenial;milenial
seringkali;seringkali
sudaryono;Sudaryono
sholeh;baik
imingi;ditawari
prasetyo;Prasetyo
garibaldi;Garibaldi
seorg;seorang
yahya;Yahya
kapendam;terpendam
digambarin;digambarkan
lahh;lah
cookk;cok
diilaporin;dilaporkan
tupoksinya;tugasnya
exciting;menggembirakan
nolong;tolong
jkrta;Jakarta
kawatir;khawatir
tuntasin;selesaikan
pangudi;Pangudi
kuasane;kuasa
permasalahn;permasalahan
personality;kepribadian
original;asli
australia;Australia
coated;dilapisi
gimana;bagaimana
tahta;tahta
bawaslu;Bawaslu
adabless;tidak beradab
fatherless;tanpa ayah
airlangga;Airlangga
members;anggota
together;bersama
dukungnnya;dukungannya
mojokin;menyudutkan
christmas;Natal
jnyi;janji
komen;komentar
ideas;ide
izinnya;izin
biginilah;beginilah
kbijakan;kebijakan
barakallah;barakallah
muaahh;
nyamperin;menemui
muter;putar
pitaloka;Pitaloka
selfie;foto depan
masadepan;masa depan
jejangan;jangan
anaknya;anaknya
qodir;Qodir
koq;kok
yespasti;ya pasti
arsyad;Arsyad
diwakilin;diwakilkan
forkopinda;Forkopinda
aplgi;apalagi
tinggiuntuk;tinggi untuk
leveling;tingkatan
miras;minuman keras
definitely;pasti
habaib;habib
kluarga;keluarga
optimistic;optimis
ngungkapin;mengungkapkan
natalie;Natalie
cicing;cicing
surprised;terkejut
nature;alam
midle;tengah
sujatmiko;Sujatmiko
mmnuhi;memenuhi
wadas;Wadas
bolonemase;pengikutnya
damkar;pemadam kebakaran
saefulloh;Saefulloh
covid;COVID
nyeleksi;seleksi
cupsleeve;gelas minum
wahh;wah
hendro;Hendro
cipinang;Cipinang
khoirul;Khoirul
sg;yang
nyertain;serta
madrid;madrid
tvonenews;TV One News
biggest;terbesar
diplomatic;diplomatik
ekuador;Ekuador
adalagi;ada lagi
daycare;perawatan harian
lanjutin;lanjutkan
windows;Windows
example;contoh
instagramnya;instagram
panislamisme;PAN Islam
slide;tampilan
khidupan;kehidupan
indeed;memang
soloraya;Solo Raya
mdpranowopilihanumat;Mahmud Pranowo Pilihan Rakyat
totally;sepenuhnya
nikita;Nikita
defences;pertahanan
habiburokhman;Habiburokhman
samarinda;Samarinda
tehran;Teheran
hercules;Hercules
amran;Amran
pantesan;pantas
maaruf;Maaruf
kneel;berlutut
berulangkali;berulang kali
called;dipanggil
mujani;memuja
sobar;tenang
walikota;walikota
antikorupsi;anti korupsi
myuruh;meminta
kemenkeu;Kemenkeu
wielgosz;Wielgosz
rempang;Rempang
nyoba;mencoba
sohee;Sohee
dsarnya;dasarnya
negri;negeri
gemoi;lucu
ributin;ribut
pasfeb;pasfeb
bripka;Bripka
centre;pusat
ketidakpedulian;ketidakpedulian
ngawur;tidak berdasar
solver;penyelesaian
revival;kebangkitan
pddkn;pendidikan
nabung;menabung
kendeng;Kendeng
kamoung;kampung
sptnya;seperti nya
wagimandeep;Wagimandeep
sikatkorupsi;tumpas korupsi
anzar;Anzar
roadma;rencana besar
possible;mungkin
jogednya;goyang
kelihatanya;kelihatannya
rejim;rezim
always;selalu
sengkuni;Amin Rais
rincian;rincian
katholik;Katolik
nyesel;menyesal
umbaran;mengumbar
pasca;pasca
whole;seluruh
gayungsari;Gayungsari
definetely;pastinya
disabilities;disabilitas
middleman;perantara
pakbowopertama;Pak Bowo pertama
settlements;pemukiman
multietnis;banyak etnis
words;kata kata
skechers;sepatu
mbludak;penuh
hater;pembenci
sulaiman;Sulaiman
toxic;kasar
suggesting;menyarankan
viral;viral
doxing;penyebaran informasi pribadi
night;malam
nampak;terlihat
akmil;akademi militer
vision;visi
multiple;banyak
leader;pemimpin
samsek;sama sekali
faskes;fasilitas kesehatan
nuwun;terima kasih
korut;Korea Utara
solving;pemecahan
satriopiningit;Satrio Piningit
emaknya;ibunya
sosiakisasi;sosialisasi
awokwok;
nyapres;jadi calon presiden
akuyes;aku yes
framing;pengaturan
septian;Septian
tenga;tengah
ngemeng;ngomong
dipermasalahin;dipermasalahkan
struggles;perjuangan
being;menjadi
decolonisation;dekolonisasi
orangk;orang
socrates;Socrates
ngeluh;mengeluh
mejwb;menjawab
there;ada
indonsia;Indonesia
menkominfo;Menteri Komunikasi dan Informatika
disleman;di Sleman
problems;masalah
ternate;Ternate
nobar;tonton bersama
rahmayadi;Rahmayadi
ariansyah;Ariansyah
pastiinpbowo;pastikan Pak Prabowo
jurkamnya;juru kamera
multiverse;multi semesta
parabowo;Pak Prabowo
dhuwur;tinggi
klmpk;kelompok
berfikirnya;berpikir
nyemangatin;semangat
menhanmu;Menteri Pertahanan
kmana;kemana
bahayaa;bahaya
dibatah;dibantah
sigit;Sigit
aniss;Anis
liberation;pembebasan
bnran;benar
setneg;Sekretariat Negara
flores;Flores
saipul;Saipul
disamperin;didatangi
djojohadikusumo;Djojohadikusumo
melting;peleburan
claim;mendapatkan
menglorifikasi;mengagungkan
ngadain;mengadakan
soekarnoputri;Soekarnoputri
mangkraknya;mangkrak
blimbingsari;blimbingsari
laeku;laeku
diinget;ingat
pekanbaru;Pekanbaru
sante;santai
kemhan;Kementerian Pertahanan
alesannya;alasan
zulxhamzah;Zulxhamzah
sheppard;Sheppard
yeeaa;ya
syifaa;syifaa
attacknya;serangan
hitlerites;hitlerites
design;desain
autis;autis
dimedsos;di media sosial
lhoo;lho
ditamba;ditambah
transum;transportasi umum
baasyir;Baasyir
ngegas;tidak santai
ridho;Ridho
fauziyah;Fauziyah
esbeye;Susilo Bambang Yudhoyono
faried;Faried
jnua;jnua
record;rekam
diskursus;diskursus
tionghoa;Tionghoa
berbuatbaik;berbuat baik
nomer;nomor
prove;membuktikan
doing;melakukan
taking;mengambil
critics;mengkritik
elektabilitasnya;elektabilitas
standing;berdiri
bersama;bersama
erwin;Erwin
wuri;Wuri
narkoba;narkoba
background;latar belakang
ngejaga;menjaga
sorryy;maaf
demonization;demonisasi
breng;bareng
statement;pernyataan
worst;terburuk
rainbow;warna warni
jngan;jangan
kedaulatan;kedaulatan
capresnya;calon presiden
pastikanvisi;pastikan visi
ugalan;tidak beraturan
launching;peluncuran
prsidem;presiden
saviour;penyelamat
ninin;ninin
gresik;Gresik
warganet;warganet
ngemper;bersandar
detikbali;Detik Bali
times;beberapa kali
reached;mencapai
membully;mengejek
forgotten;terlupakan
rahmadi;Rahmadi
nanggung;tanggung
prabowolah;Prabowo lah
ones;satu
terlebay;paling alay
ngkan;ngkan
ramli;Ramli
mmegang;memegang
thoir;Thohir
rinci;rinci
ngembaliin;mengembalikan
palingsejuk;paling sejuk
tomgkang;tongkang
disuppo;didukung
incoming;masuk
nembak;tembak
disclaimer;penyangkalan
trtinggi;tertinggi
ngomong;ngomong
terlamb;terlambat
ditangisin;tangis
pebruari;Februari
masaak;masak
nyangkal;sangkal
disabilitas;disabilitas
jnri;JNRI
ninja;ninja
oppa;oppa
bungul;bungul
atasnamakan;atas nama
discussion;diskusi
keroyokan;bebarengan
ngambil;ambil
mensejahterahkan;menyejahterakan
suharto;Soeharto
astaghfirullah;astaghfirullah
mantul;mantap betul
wealth;kekayaan
mukidi;Mukidi
masinton;Masinton
rfgibran;Gibran
untukpakbowo;untuk Pak Prabowo
concept;konsep
menangkanganjar;menang kan Ganjar
kertanegara;Kertanegara
jetika;ketika
cooperation;kerja sama
bknkah;bukankah
disguise;penyamaran
gusnaidi;Gus Naidi
sufficient;cukup
supit;supir
videotron;videotron
cobol;cobol
tenan;beneran
aamiinn;amin
amarah;amarah
dengernya;dengar
gemes;gemas
pendidikan;pendidikan
tiati;hati hati
komnas;komisi nasional
ceonya;CEO
mencla;tidak konsisten
seventeen;Seventeen
gunungmas;Gunung Mas
muhamadiyah;Muhammadiyah
future;masa depan
panwas;panitia pengawas
nonjokin;menonjok
infused;diinfus
goblokin;bodoh kan
buzzernya;buzzer
berkali;berkali
masia;masia
sutet;sutet
hashtag;tanda pagar
netizen;warganet
motto;visi misi
menkopolhukam;Menkopolhukam
bongbong;Bongbong
peperangan;peperangan
rivals;rival
krupuk;kerupuk
keresaan;keresahan
mengejar;mengejar
debicoklat;debit cokelat
zenius;zenius
figure;perawakan
overconfidence;terlalu percaya diri
gopay;gopay
hmm;
giovanni;giovanni
connie;connie
eropa;eropa
fanta;fanta
djarum;djarum
richest;paling kaya
rizieq;rizieq
muallem;muallem
sulawesi;sulawesi
dikurangin;dikurangi
hitler;hitler
garudayaksa;garuda yaksa
policies;kebijakan
sustainability;keberlanjutan
katain;katakan
scary;menakutkan
yusril;yusril
simsalabim;simsalabim
nababan;nababan
consider;anggap
membauat;membuat
aware;sadar
nawawi;nawawi
representatives;perwakilan
mager;malas gerak
jejaring;jejaring
supporter;pendukung
pakbowomasgib;pak bowo mas gib
politikbsemakin;politik semakin
armando;armando
ridhai;ridai
jakar;jakarta
dateng;datang
trima;terima
menangin;memenangkan
kalbar;kalimantan barat
hankam;pertahanan dan keamanan
sudjatmiko;sudjatmiko
entrepreneur;pengusaha
jaksel;jakarta selatan
though;meskipun
still;masih
disabilitasnya;disabilitasnya
jinping;jinping
ganjarmahfudmenangdebat;ganjar mahfud menang debat
according;menurut
disrespectful;tidak sopan
mejobo;mejobo
penmas;penerangan masyarakat
kampnye;kampanye
febuari;februari
remembered;diingat
foodestate;food estate
sukarno;soekarno
dukungamin;dukung amin
uru;urus
symbolic;simbolis
kebijaka;kebijakan
oligark;oligarki
mayong;mayong
hubungn;hubungan
ubanbukanpakde;uban bukan pakde
jombor;jombor
penyokongpi;penyokong
bukain;bukakan
gebrakan;gebrakan
kerjabersamaganjar;kerja bersama ganjar
buktinyata;bukti nyata
papuaa;papua
ekspektasi;ekspektasi
walhi;walhi
estete;estate
tanaya;tanaya
nerima;menerima
nyowo;nyawa
kpopisasi;k-popisasi
gamamenang;tidak menang
score;skor
launch;luncur
answering;menjawab
dehumanizing;dehumanisasi
pakaian;pakaian
gamasalah;tidak masalah
statetment;pernyataan
vietnam;vietnam
sesungguhya;sesungguhnya
medsosnya;media sosialnya
lemdiklat;lembaga pendidikan dan pelatihan
prananda;prananda
sencho;sencho
legacy;warisan
sianipar;sianipar
johannes;johannes
taruna;taruna
gerombolan;gerombolan
nikmatul;nikmatul
menaker;menaker
semalem;semalam
redistribusi;redistribusi
twist;muslihat
gasuka;tidak suka
ngelirik;melirik
kicep;diam
kreatifitas;kreativitas
managemen;manajemen
gapapa;tidak apa-apa
wilalung;wilalung
nairn;
ngebuat;membuat
states;negara bagian
friendly;ramah
sampoerna;sempurna
menagis;menangis
horass;horas
wanto;wanto
gaban;gaban
bahrawi;bahrawi
intellectual;intelektual
dudung;dudung
titiek;titiek
protests;protes
beralaih;beralih
fatia;fatia
megapolitan;megapolitan
menyalahgunakan;menyalahgunakan
pikuk;riuh
officials;pejabat
brani;berani
sakaria;sakaria
sirkelnya;lingkarannya
disability;cacat
fathonah;pintar
kebonsari;kebonsari
slepet;selepet
convoy;konvoi
kebijakan;kebijakan
particular;khusus
kpopified;k-popifikasi
membagikan;membagikan
system;sistem
erb;erb
lembong;lembong
ngejelasin;menjelaskan
including;termasuk
probolinggo;probolinggo
proporsionalitas;proporsionalitas
kalla;kalla
densus;densus
arsjad;arsjad
producernmi;produser nmi
pemimpin;pemimpin
diharepin;diharapkan
saatnja;saatnya
menddukung;mendukung
pantass;pantas
impossible;tidak mungkin
ngumpet;bersembunyi
during;selama
gara;karena
dirilu;dirilis
ngefek;berdampak
biased;bias
nyerang;menyerang
ngaca;bercermin
chanel;saluran
dandim;dandim
pilhan;pilihan
savage;ganas
gandhi;gandhi
supporternya;pendukungnya
kuatkankpk;kuatkan kpk
follow;mengikuti
bersa;bersama
ngetweet;tweet
presideng;presiden
tukin;tukin
debates;debat
positioning;positioning
wiratama;wiratama
gerakcepat;gerak cepat
jnb;
untukrakyat;untuk rakyat
simon;simon
ngarsodalem;ngarsa dalem
essential;penting
kanjuruhan;kanjuruhan
paloh;paloh
disetting;diatur
syaugi;syaugi
break;pecah
mongkoso;mongkoso
pemprov;pemprov
transjakarta;transjakarta
allegation;tuduhan
validasi;validasi
ketidakjelasan;ketidakjelasan
supya;supaya
silahturahmi;silaturahmi
adsnya;iklannya
opresi;opresi
bumil;ibu hamil
maruarar;maruarar
aktifitas;aktivitas
millenial;milenial
glodok;glodok
gamau;tidak mau
infografis;infografis
febketps;
fisip;fisip
tiadahenti;tidak ada henti
state;negara
clinguk;cermat
highest;tertinggi
berfihak;berpihak
diponegoro;diponegoro
goodbener;sangat baik
yaumil;yaumil
democracy;demokrasi
pinjol;pinjaman online
kholil;kholil
panitan;panutan
instagram;instagram
objective;obyektif
narsistik;narsistik
mikroekspresi;mikroekspresi
caleg;calon legislatif
organic;organik
batere;baterai
bersilaturrahmi;bersilaturrahmi
wawancanda;wawancara
resign;mengundurkan diri
cipung;cipung
tuuh;tuh
possibilities;kemungkinan
mlinjo;mlinjo
ganjarmahfu;ganjar mahfud
deserves;pantas
menkopulhukam;menko polhukam
elmer;elmer
wolfenstein;
generation;generasi
yangmenang;yang menang
dibwakan;dibawa
nelson;nelson
inshaallah;insya allah
brtemu;bertemu
tkrpp;
maqdis;maqdis
sonny;sonny
hianati;khianati
proxy;proksi
bercita;bercita-cita
formapi;formapi
journalists;jurnalis
mmberikn;memberikan
perbsiki;perbaiki
profres;profesional
greenflation;inflasi hijau
disgusting;jijik
salawat;salawat
kolaboratif;kolaboratif
nemenin;menemani
daamm;dalam
memposting;memposting
kasihanin;kasihan
sonoh;sana
ponsel;ponsel
atikoh;atikoh
dipungkiri;dipungkiri
khratis;gratis
tanpaetik;tanpa etik
scandal;skandal
ngikutin;mengikuti
segitu;begitu
karana;karena
postingan;postingan
sblum;sebelum
indar;indar
kelvin;kelvin
kebhinekaan;kebhinekaan
berkebalibalikan;berkebalikan
conscience;hati nurani
bacawalkot;baca walikota
jakarta;jakarta
numpang;numpang
google;google
netepin;tetapkan
bahlil;bahlil
nendang;menendang
world;dunia
poslon;posisi
sdhlah;sudahlah
membongkok;membungkuk
slankers;slankers
jerataan;jeratan
ngaji;mengaji
mengkriti;mengkritik
alkes;alat kesehatan
hariyanto;hariyanto
berkorban;berkorban
orgny;orangnya
democratic;demokratis
editing;editing
antarumat;antarumat
kiyai;kyai
nyuruh;menyuruh
common;biasa
apalg;apalagi
yulia;yulia
saiful;saiful
prabowopun;prabowo pun
hubner;hubner
pansos;pansos
week;minggu
teddy;teddy
berswafoto;berswafoto
temenku;temanku
kroninya;kroninya
ponpes;ponpes
truck;truk
captured;captured
supriyanti;supriyanti
ditemenin;ditemani
gibran;gibran
voters;voters
avowed;diakui
pulkam;pulkam
magetan;magetan
rusunawa;rusunawa
jokowi;jokowi
mahfudmd;mahfudmd
jepara;jepara
syaraf;syaraf
situbondo;situbondo
yogja;yogyakarta
nurut;nurut
ganjarsikatkorupsi;ganjar sikat korupsi
ambon;ambon
zahra;zahra
kesalahanya;kesalahannya
election;pemilihan
grandpa;kakek
setiadji;setiadji
comsec;comsec
sandwich;sandwich
ngangguk;ngangguk
mangkrak;mangkrak
hacker;peretas
nampolin;pukul
child;anak
courageous;berani
djohan;djohan
saudaraq;saudara
artist;seniman
kebumen;kebumen
kebingunan;kebingungan
alone;sendiri
insyaf;insaf
civilians;sipil
ngejalanin;menjalankan
kekuatan;kekuatan
nampaknya;nampaknya
palti;palti
siduarjo;sidoarjo
ngedukung;mendukung
elitisme;elitisme
ielts;ielts
benernya;sebenarnya
kuatir;khawatir
founder;pendiri
jogyakarta;yogyakarta
oppressor;penindas
orqe;orke
dumai;dumai
asean;asean
which;yang mana
bykan;banyak
tanggepanmu;tanggapanmu
wicaksono;wicaksono
ganjarforind;ganjarforind
benson;benson
pancen;pancen
kangkaki;kangkaki
defense;pertahanan
bakamla;bakamla
molded;molded
rusunnya;rusunnya
pakdhe;pakdhe
dikatain;dikatakan
pdie;pdie
nyebokin;menyebokin
alutista;alutsista
gratisin;gratiskan
yokk;yuk
atasin;atasi
kpopers;kpopers
killing;membunuh
forever;selamanya
ecology;ekologi
prancis;perancis
lives;lives
pandora;pandora
politic;politik
faizal;faizal
green;hijau
ngerjain;mengerjakan
return;kembali
haley;haley
jancuk;jancuk
inidikasi;indikasi
nyebutnya;menyebutnya
klean;kalian
nyalon;mencalonkan
style;gaya
stunting;stunting
facts;fakta
absent;tidak hadir
yenny;yenny
moreover;lagipula
ngerakyat;masyarakat
jerome;jerome
jnfe;
pakanies;pak anies
speech;pidato
savicali;savicali
nyinyiers;nyinyir
indahh;indah
jedah;jedah
punten;maaf
mngecilkan;mengecilkan
adaah;adalah
bojonegoro;bojonegoro
outbreak;wabah besar
injured;terluka
ketentraman;ketentraman
gimminc;gimik
romanticizing;romatis
arsjadrasjid;arsjad rasjid
cagub;cagub
minority;minoritas
smakin;semakin
inklusi;inklusi
rasjid;rasjid
sembako;sembako
ngerubah;mengubah
burger;burger
hoaks;hoaks
achrian;achrian
diributin;dipermasaahkan
gusdurian;gusdurian
demak;demak
disamaratalan;disamaratakan
dekranasda;dekranasda
indonesian;indonesia
kemenkum;kemenkum
babeh;ayah
wewenangnya;wewenangnya
harahap;harahap
buktiin;buktikan
munir;munir
iykiyk;
kerjabersama;kerja bersama
dander;ketombe
kawendra;kawendra
tanyain;tanyakan
antarmoda;antarmoda
wedjedy;wedjedy
rapimnas;rapimnas
musyawara;musyawarah
ralyat;rakyat
responnya;responnya
training;pelatihan
diandelin;diandalkan
dilaporin;dilaporkan
chico;chico
megapro;megapro
faced;dihadapi
fadjar;fadjar
kerinci;kerinci
perthahanan;pertahanan
concern;perhatian
thohir;thohir
surakarta;surakarta
alhamdulillaah;alhamdulillah
nambah;menambah
sumitro;sumitro
politica;politik
eribu;ribu
riziek;riziek
sebira;sebira
adrian;adrian
sumatera;sumatera
closing;penutupan
merhatiin;memperhatikan
jatuhin;menjatuhkan
tvone;tvone
utkindonesia;untuk indonesia
credit;kredit
bersilahturahmi;bersilaturahmi
alaydrus;alaydrus
bganda;berganda
kapolres;kapolres
masbowogbran;mas bowo gibran
semarang;semarang
rongkhya;rohingnya
ancem;ancam
sapiens;sapien
ngelawan;melawan
agricultural;pertanian
inflation;inflasi
panic;panik
mikir;pikir
thingking;berpikir
pakehati;pakai hati
tonjong;tonjong
banggakan;banggakan
pileg;pemilihan legislatif
hearing;mendengar
tagline;tagline
meanwhile;sementara
nteweet;tweet
jurdil;jujur dan adil
andikgdriv;
istiqomah;istiqomah
index;indeks
superkeren;super keren
thoifur;thoifur
petrus;petrus
behind;belakang
masalh;masalah
oneng;eneng
mantab;mantap
jubir;jubir
smpai;sampai
kominfotik;kominfo
terhadp;terhadap
profile;profil
narik;menarik
parasosial;parasosial
kandrunnya;kandungannya
rafale;rafale
takedown;hapus
emprit;emprit
ketidaksetaraan;ketidaksetaraan
chang;chang
reflect;mencerminkan
amanda;amanda
progam;program
resolved;diselesaikan
lanjutgansemuamurah;lanjutkan semua murah
klawen;klawen
tohir;tohir
ridwan;ridwan
lapia;lapia
statemen;pernyataan
divalidasi;divalidasi
tidaakk;tidak
polri;polri
constitutional;konstitusional
reshuffle;perombakan
topuksi;topik
baeklah;baiklah
jnce;
beranggapa;beranggapan
dgaf;
fretilin;
simpaty;simpati
sponsored;disponsori
kapabilitasnya;kapabilitasnya
purwokerto;purwokerto
yerusalem;yerusalem
bombay;
leadership;pimpinan
pertanyaanya;pertanyaannya
rapiin;dirapihkan
capresku;capresku
tantrum;mengamuk
megawati;megawati
teriyaki;teriyaki
insyaalloh;insya allah
network;jaringan
fasum;fasum
worth;bernilai
mnjdi;menjadi
ngilangin;menghilangkan
andrinof;andrinof
banggain;banggain
cheryl;cheryl
yudha;yudha
manager;manajer
thailand;thailand
guardian;wali
draft;bagan
ahmadyani;ahmadyani
zionist;zionist
nyindir;nyindir
berpartispasi;berpartisipasi
bertnya;bertanya
choose;memilih
hutabarat;hutabarat
highlight;menyoroti
visit;mengunjungi
these;ini
munandar;munandar
despite;meskipun
timnas;timnas
adain;ada
boarding;asrama
abdel;abdel
value;nilai
karawang;karawang
klopp;klopp
dream;mimpi
approach;mendekati
mahufd;mahfud
jnwc;jnwc
trimakasih;terima kasih
cawapres;cawapres
setting;pengaturan
ngehadepinnya;menghadapinya
skedar;sekadar
ummat;umat
faktanya;faktanya
besak;besok
mknya;makanya
banjarnegara;banjarnegara
berjuang;berjuang
dikoordinir;dikoordinir
zulkifli;zulkifli
rutinitas;rutinitas
canvasing;canvassing
sayuk;sayang
henyak;henyak
hanura;hanura
ngong;ngong
disebablan;disebabkan
saputri;saputri
pastiinpakbowo;pasti dukung pak bowo
videotronmmas;videotron monas
ahlussunnah;ahli sunah
kaitin;kaitin
between;antara
dibales;dibalas
exact;tepat
spill;tumpah
ventures;ventures
kepulauan;kepulauan
apmiso;apmiso
intoleransi;intoleransi
bgmana;bagaimana
tangerang;tangerang
experienced;berpengalaman
bayangin;bayangkan
gusimin;gus imin
jerman;jerman
napsu;nafsu
frigate;frigate
kongkow;sekongkol
humprey;humprey
sincerely;dengan hormat
menunjukksn;menunjukkan
menglaim;mengklaim
sirkular;sirkular
ketidakpercayaan;ketidakpercayaan
antitesa;antitesa
nakuti;menakuti
israel;israel
gamungkin;tidak mungkin
mikul;mengikuti
extrimists;ekstrimitas
nurul;nurul
tanyashe;tanya dia
ngebahas;membahas
utting;utting
subagyo;subagyo
untungpakbowobijak;untung pak bowo bijak
diakalin;diakalikan
elektabilitas;elektabilitas
slamet;slamet
akatip;akatip
prabowi;prabowo
sholat;sholat
sahabatsantri;sahabat santri
smith;smith
drill;bor
pranowoe;pranowo
gemoy;lucu
darimana;dari mana
academy;akademi
gorontalo;gorontalo
berpoltikan;berpolitik
ciamis;ciamis
farming;tani
deliberative;musyawarah
ribet;ribet
colonized;kolonial
aurel;aurel
serious;serius
framingnya;framingnya
semerawut;semrawut
ketegasan;ketegasan
soekarno;soekarno
tidakadilan;tidak adil
protect;melindungi
nginep;menginap
nirina;nirina
satgas;satuan tugas
mendem;mabuk
choirul;choirul
modalin;diberi modal
under;di bawah
terwu;terwujud
ottoecsloq;
pangkalima;panglima
kepercyaan;kepercayaan
membludak;membludak
mmberi;memberi
history;sejarah
majority;kebanyakan
hambalang;hambalang
sbtlnya;sebenarnya
jkwdo;jokowi
arema;arema
medsos;medsos
gasasan;gasasan
pertamina;pertamina
sadayana;sadayana
walkout;pemogokan
ngentasin;mengentaskan
speaker;pembicara
dipostingkan;dipostingkan
muhaimin;muhaimin
naah;nah
bermondalkan;bermodalkan
cipari;cipari
nadiem;nadiem
sustainable;berkelanjutan
ngobrol;ngobrol
garum;garum
dynasty;dinasti
sehari;sehari
ganjarmahfud;ganjar mahfud
menjarain;memenjarakan
mndorong;mendorong
whatever;apa pun
nglamar;melamar
subtantif;substansif
asyhgil;asyhgil
ngewaro;ngewaro
berkwalitas;berkualitas
reveals;reveals
panggah;tetap
pertamax;pertamax
slump;kemerosotan
ngakoni;mengakoni
salemba;salemba
radya;radya
wejanganya;nasihatnya
imformasi;informasi
proposals;proposal
think;pikir
panwaslu;panwaslu
ruteng;ruteng
kamiadadisini;kami ada di sini
menginvansi;menginvasi
djohermansyah;djohermansyah
exclude;mengecualikan
fighter;pesawat tempur
dicatet;dicatat
garnacho;garnacho
namirul;namirul
channel;saluran
seprti;seperti
lloyd;lloyd
berhenti;berhenti
atheis;ateis
hamengkubuwono;hamengkubuwono
scenario;skenario
kakanya;kakaknya
planga;planga
gaskeun;gaskeun
reach;mencapai
partaisocmed;partai sosmed
bahlul;bahlul
tulip;tulip
jiexpo;jiexpo
cawapresnya;cawapresnya
moskow;moskow
barca;barca
temennya;temannya
militeristik;militeristik
digembosin;digembar-gemborkan
macchiato;macchiato
dijogja;di Jogja
asshiddiqie;assyiddiqie
dapil;dapil
segibran;segibran
abuse;olok-olok
respected;respek
tsamara;tsamara
checkpoints;batas
nuntut;menuntut
omnibuslaw;omnibus law
takterbendung;tak terbendung
sigare;sigarane
pbowogbran;pak bowo
dinotice;diperhatikan
nirwono;nirwono
regress;kemunduran
ngaruh;berpengaruh
ngeracunin;meracuni
udahpasti;sudah pasti
kolabora;kolaborasi
settingan;settingan
brillian;brilian
gadjah;gajah
kemudia;kemudian
anakk;anak
jnyc;
amazing;menakjubkan
rusun;rusun
mangkuningrat;mangkuningrat
pildun;pildun
sirait;sirait
bangladesh;bangladesh
taken;diambil
didiskuslifikasi;didiskualifikasi
direspon;direspon
harimurti;harimurti
mengijinkan;mengizinkan
disalahgunakan;disalahgunakan
nahdliyin;nahdliyin
mukulin;memukul
ngamuk;marah
andono;andono
business;bisnis
nyampaiin;menyampaikan
ahmad;ahmad
communities;komunitas
ahokers;ahokers
bodetabekjur;bodetabek
jaringan;jaringan
afdol;afdol
audiens;audiens
doxxing;doxxing
batubara;batubara
ngeklaim;mengklaim
netanyahu;netanyahu
ngelibatin;melibatkan
cover;menutupi
jaklingko;jaklingko
palestina;palestina
ditanggkap;ditangkap
meledakk;meledak
mujib;mujib
kacrut;kacrut
pemkab;pemkab
terrisbaasyir;teroris baasyir
agriculture;pertanian
amnmenang;amin menang
masgbran;mas gibran
negative;negatif
jntc;
komersil;komersial
penghianatan;pengkhianatan
visions;visi
yonif;yonif
seliwerun;seliweran
ketidakadilan;ketidakadilan
memenamgkan;memenangkan
terzolimi;tertindas
makassar;makassar
bringing;membawa
samirin;samaran
palestinians;palestina
netijen;netizen
stability;stabilitas
billy;billy
andre;andre
gurbernur;gubernur
clingak;clingak
kampenye;kampanye
saved;disimpan
perencanaanya;perencanaannya
dedynurpalakka;dedy nur palakka
ngadunya;mengadu
stelah;setelah
dibully;dibully
bacapres;bacapres
narkosun;narkosun
armed;bersenjata
ngira;mengira
ngakak;terbahak
dibandingin;dibandingkan
orangutan;orang utan
brkualitas;berkualitas
ketidakpahaman;ketidakpahaman
nation;bangsa
antarcapres;antar calon presiden
ngemis;mengemis
tiktok;tiktok
bowok;prabowo
satyam;satyam
jebolin;menghancurkan
nitip;nitip
ditakedown;dihapus
jejknya;jejaknya
aalamiin;aamiin
kiki;kiki
ancient;kuno
holistik;holistik
cendikiawan;cendekiawan
memed;memed
lobang;lubang
ireng;hitam
chalik;chalek
match;korek api
banner;panji
ppatk;ppatk
ngerasa;merasa
maumenuju;mau menuju
levenia;levenia
pressoekarno;presiden soekarno
proksi;proksi
anjirr;astaga
linknya;tautannya
pmbubaran;pembubaran
corruption;korupsi
kirig;kirig
wkwkwkk;tertawa
ngelihat;melihat
could;bisa
ngajimu;pengajianmu
gercep;gerak cepat
bulog;bulog
swingvoter;swing voter
paspampres;paspampres
whatsapp;whatsapp
gatsu;gatot subroto
alhamdullilah;alhamdulillah
satunya;satunya
jazakallah;jazakallah
keyataannya;kenyataannya
dipilpres;di pilpres
sma;sma
seakan;seakan
curhat;curhat
rp;rp
cuap;cuap
nganterin;mengantarkan
wahfiudin;wahfiudin
irwanka;irwanka
nunjukin;menunjukkan
prescon;konferensi pers
kokoh;kokoh
kemaknuran;kemakmuran
kontestasi;kontestasi
gubenur;gubernur
medsosmu;medsosmu
googling;telusur google
ready;siap
watch;menonton
adiknya;adiknya
national;nasional
gimik;gimik
chief;raja
marbot;marbut
nafas;napas
ngeles;ngeles
swing;ayun
ejanji;janji
golden;golden
gakpapa;tidak apa apa
sikaatt;sikat
ngaku;mengaku
detiknews;detiknews
mengukapkan;mengungkapkan
atiqoh;atiqoh
kitapakbw;kita pak bw
ceuna;ceuna
karangan;karangan
opressed;oppressed
korpri;korpri
jason;jason
political;politik
concerned;prihatin
mitrapol;mitrapol
basri;basri
youtuber;youtuber
robbal;robbal
sumut;sumut
sta;sta
humanity;kemanusiaan
bewara;bewara
kartini;kartini
mocking;mocking
mngoreksi;mengoreksi
memberi;memberi
rohman;rohman
keyword;kata kunci
kaltim;kaltim
suroso;suroso
minangkabo;minangkabau
harmless;berbahaya
bekerjasama;bekerja sama
naikin;menaikkan
atempodotco;tempo dot co
lazarus;lazarus
fiasco;kegagalan
grace;rahmat
bertubi;bertubi
risafel;pergantian
nakutin;menakuti
kitaselaluada;kita selalu ada
stock;stok
monas;monas
miftah;miftah
thread;benang
approve;setuju
ragunan;ragunan
prabowonya;prabowonya
suppo;dukungan
sumatra;sumatera
ngeliat;melihat
arini;arini
prbawo;prabowo
jogjakarta;yogyakarta
jnx;jnx
jawapos;jawapos
ngerasain;merasakan
chudai;chudai
fairness;keadilan
yangterbaik;yang terbaik
dijelaain;dijelaskan
politikny;politiknya
ketidakbecusan;ketidakbecusan
untukindonesia;untuk indonesia
mirzani;mirzani
golkar;golkar
pondasi;fondasi
diforward;diteruskan
sukmonohadi;sukmonohadi
jerusalem;yerusalem
seems;sepertinya
gusdur;gus dur
purnomo;purnomo
tweet;mencicit
jnyd;jnyd
depok;depok
kafirr;kafir
ngegoblokin;mengolok
internet;internet
dufan;dufan
menginspirasi;menginspirasi
napak;napak
government;pemerintah
austalia;australia
mengikutin;mengikuti
player;pemain
indramayu;indramayu
redefine;mendefinisikan
jakhabitat;jakhabitat
agushamra;agus hamra
timingnya;waktunya
viralkan;viralkan
behavior;perilaku
judge;hakim
route;rute
bobon;bobon
jan;jangan
darijabar;dari jabar
gemoysian;lucu
bhkan;bahkan
capre;capres
kharismatik;karismatik
frame;bingkai
karir;karier
adalahkita;adalah kita
ingannya;inginnya
udubilah;audzubillah
honest;jujur
batalin;batalkan
bossnya;bosnya
bersebrangan;berseberangan
mimpin;memimpin
kencintaanya;kecintaannya
version;versi
permalasahan;permasalahan
uchiwanya;uchiwanya
phobia;fobia
lemecsh;lemes
kaesang;kaesang
buanyaakk;banyak
diposting;diposting
parte;partai
produce;menghasilkan
becik;baik
bozz;bos
leimena;leimena
dimksd;dimaksud
laporin;laporkan
pemikiran;pemikiran
sumedang;sumedang
kemer;kemer
experience;mengalami
letoy;letoy
istora;istora
susilo;susilo
dibuat;dibuat
heheheh;hehehe
pontianak;pontianak
mangkoso;mangkoso
abraham;abraham
josep;josep
massif;masif
treshold;threshold
pertanyaan;pertanyaan
transportas;transportasi
sides;sisi
screencapture;tangkapan layar
muhyiddin;muhyiddin
santoso;santoso
topic;topik
bliau;beliau
ngajarin;mengajarkan
pembanguan;pembangunan
dinyinyirin;dinyinyirin
thvhoca;
wlaupun;walaupun
resto;resto
ambilb;ambil
inssalh;insyaallah
jnax;jnax
waitt;wait
declare;menyatakan
bobby;bobby
bungulnya;bungulnya
lanjutgansemuakerja;lanjutkan semua kerja
chairman;ketua
charta;charta
harmony;keselarasan
pertanggungjawabannya;pertanggungjawabannya
tarigan;tarigan
qodari;qodari
kejadian;kejadian
ketimpanan;ketimpangan
salafiyah;salafiyah
bloomberg;bloomberg
jama;jama
kedzaliman;kezaliman
gelanggan;gelanggang
remember;ingat
inilaj;inilah
pragib;pragib
press;peras
mustamar;mustamar
karyawannya;karyawannya
pilkada;pilkada
ysne;ysne
madura;madura
nasdem;nasdem
ortunya;orang tuanya
ngacak;mengacak
blundernya;blundernya
teddgus;tedd gus
goblog;goblok
climate;iklim
dibaiayai;dibiayai
republika;republika
sadad;sadad
cawapresmu;cawapresmu
gukmin;gukmin
kapasita;kapasitas
presented;disajikan
numpuk;menumpuk
ngehapus;menghapus
disimpen;disimpan
yasudah;ya sudah
sholawat;salawat
zarry;zarry
terjerembab;terjebak
fattah;fattah
edward;edward
mainstream;mainstream
otoritarianisme;otoritarianisme
antarwarga;antarwarga
sleman;sleman
nasbi;nasbi
analisa;analisis
critical;kritis
outsourcing;outsourcing
ahoker;ahoker
ndasmu;kepalamu
argument;argumen
komennya;komentarnya
tinghoa;tinghoa
lamongan;lamongan
drone;dengung
sedangkankan;sedangkan
count;hitung
kenuan;kenyataan
javasentris;javasentris
gmpng;gampang
textbook;buku pelajaran
blitar;blitar
kokam;kokam
champion;juara
amarahnya;amarahnya
kekuasaanya;kekuasaannya
know;tahu
lakuin;lakukan
artikulsi;artikulasi
content;puas
swafoto;swafoto
pastiin;pastikan
ciremai;ciremai
pertahanan;pertahanan
sekalig;sekali
publish;menerbitkan
umroh;umrah
aparheid;apartheid
ditwitter;di twitter
victim;korban
rektorat;rektorat
breaking;melanggar
gories;gories
agusyudhoyono;agus yudhoyono
island;pulau
kalahin;kalahkan
kerika;ketika
dimana;di mana
rhadap;terhadap
kemensos;kemensos
gajelas;nggak jelas
malqh;mungkin
slank;miring
urrangawak;urang awak
ngalamin;mengalami
qpcam;qpcam
controversial;kontroversial
pengalamanmu;pengalamanmu
nimbang;menimbang
konkrit;konkret
merka;mereka
bagaskoro;bagaskoro
tulodo;tuntunan
idealism;idealisme
minangkabau;minangkabau
among;antara
opening;mulut
dardak;dardak
banyuwangi;banyuwangi
komplit;komplet
played;played
purworejo;purworejo
deklair;deklarasi
partisipatif;partisipatif
ngerti;mengerti
jampang;jampang
dihimbau;diimbau
david;david
trigger;pelatuk
sumarsih;sumarsih
dayak;dayak
alpahankam;alpahankam
supir;sopir
sniper;penembak jitu
greenpeace;greenpeace
faeni;faeni
bisanya;bisanya
trainee;peserta pelatihan
raharjo;raharjo
debate;debat
kirdi;kirdi
menggeruduk;menggeruduk
attacked;diserang
kenerja;kinerja
diiming;diiming imingi
tabaraqallah;tabarakallah
irrational;irasional
bberapa;beberapa
province;provinsi
kurnia;kurnia
percontoan;percontohan
pembangunan;pembangunan
suparna;suparna
wijayanto;wijayanto
goganjargo;goganjargo
grassro;grassroots
jnke;
mensejahterkan;menyejahterakan
nepoatisme;nepotisme
dipake;dipakai
syahganda;syahganda
jambi;jambi
nanam;menanam
hesti;hesti
untapped;belum dimanfaatkan
bgini;begini
tiongkok;tiongkok
feminism;feminisme
murder;pembunuhan
plongo;polos
nggih;iya
gembrong;gembrong
shahih;sahih
thukul;thukul
posyandu;posyandu
generasigotongroyong;generasi gotong royong
baikpakbowo;baik pak bowo
gurem;gurem
khofifah;khofifah
karbitan;karbitan
private;swasta
nginceng;mengintai
khawarij;khawarij
memaprkn;memaparkan
tagner;tagner
makah;makkah
awkwkkw;
diktaktor;diktator
gaslight;lampu gas
gasadar;tidak sadar
literasi;literasi
nyoblos;nyoblos
marwah;marwah
sgala;segala
selawase;selamanya
sklompok;sekelompok
neruin;menurunkan
polibag;polybag
puasin;puaskan
otlet;outlet
rhoma;rhoma
aquarium;akuarium
psychological;psikologis
tambahin;tambahkan
masji;masjid
rohingya;rohingya
visimisi;visi misi
brawijaya;brawijaya
lukistianto;lukistianto
ndasin;kepalamu
gurutta;gurutta
menangkang;menentang
looking;melihat
hehehe;hehehe
tweeps;tweeps
unforgettable;tak terlupakan
sebagai;sebagai
mitanews;mitanews
sitomorang;sitomorang
management;direksi
bangu;bangun
distrust;ketidakpercayaan
reachable;terjangkau
twitter;twitter
ngejar;mengejar
menag;menag
masing;masing
elektoral;elektoral
slesai;selesai
bantuin;membantu
penduking;pendukung
lahin;lahir
kalteng;kalteng
dahniel;dahniel
terusengalir;terus mengalir
goenawan;goenawan
citarasa;citarasa
suplement;suplemen
potential;potensi
kesimpula;kesimpulan
boyolali;boyolali
bustami;bustami
situmorang;situmorang
advertorial;advertorial
prabowo;prabowo
ending;akhir
cikarang;cikarang
agribisnis;agribisnis
cooling;pendingin
yakinin;yakinkan
ditandatangani;ditandatangani
shopee;shopee
above;atas
booming;booming
nyamar;menyamar
mengetroll;menjebak
sembakonya;sembako
kerjasama;kerja sama
potonya;fotonya
penyalahgunaan;penyalahgunaan
mahendra;mahendra
south;selatan
hapsoro;hapsoro
nangisin;menangisi
kapolri;kapolri
temuin;temui
awards;awards
jaauuhh;jauh
metrotvnews;metrotvnews
yourself;dirimu
mensuppo;mendukung
karepmu;kemauanmu
ngrasa;merasa
antirasuah;anti korupsi
abdul;abdul
hahaha;
healing;penyembuhan
jogja;jogja
jnd;
naudzubillaah;naudzubillah
impo;impor
fight;berkelahi
diskominfotik;diskominfo
kathiri;kathiri
berjoged;berjoget
skill;keahlian
morowali;morowali
financial;keuangan
okegass;oke gas
kudet;kudet
using;using
kekawatiran;kekhawatiran
shalat;salat
menko;menko
pasutri;pasutri
keinget;keingat
pakistan;pakistan
hopes;harapan
probowo;prabowo
mempertanyakn;mempertanyakan
sasageyo;sasageyo
nyinggung;menyinggung
sambel;sambal
taruni;taruni
genzi;gen z
disamain;disamakan
senayan;senayan
bekutik;bergerak
elkayeni;lky
undangan;undangan
felix;felix
probadi;pribadi
bless;berkat
inatxysn;inatxysn
pembukaman;pembungkaman
ngehajar;menghajar
sperti;seperti
trbaik;terbaik
carol;carol
multikultural;multikultural
nambang;menambang
mslhnya;masalahnya
abal;abal abal
posko;posko
steel;baja
marahin;memarahi
gatisin;menegur
staff;tongkat
buttom;bottom
ketidakpastian;ketidakpastian
kmren;kemarin
youth;pemuda
efkswmxca;efkswmxca
ngelihatnya;melihatnya
welfare;kesejahteraan
nyadar;sadar
pantura;pantura
sholawatan;selawatan
ngasih;memberi
intimidatif;intimidatif
manies;manis
untukpragibs;untuk prabowo gibran
kebtuhan;kebutuhan
maayarakat;masyarakat
jnbx;
ruhimat;ruhimat
pasifik;pasifik
ketidaksukaanku;ketidaksukaanku
opung;opung
nkj;
bonaparte;bonaparte
pamulang;pamulang
hubungi;hubungi
banten;banten
tumbler;gelas
banyakin;memperbanyak
gebukin;memukul
antam;antam
takedownnya;penghapusan
dibawa;dibawa
veraagustian;vera agustian
aniesbubble;anies bubble
kajitow;kajitow
password;kata sandi
beberin;membeberkan
cemana;bagaimana
lainyya;lainnya
tidore;tidore
neoliberal;neoliberal
deserve;layak
mirage;fatamorgana
kemasalahatan;kemaslahatan
pemkot;pemkot
niesomonpalsu;
putin;putin
track;melacak
blusukannya;blusukannya
musti;harus
siregar;siregar
pdemokrat;demokrat
mohmahfudmd;mahfud md
alfred;alfred
natalius;natalius
adults;orang dewasa
benerannya;kebenarannya
thomas;thomas
lhkpn;lhkpn
retwit;retweet
ndase;kepalamu
nyawapres;calon wakil presiden
cilegon;cilegon
melontoarkan;melontarkan
crimes;kejahatan
ngefans;menjadi penggemar
ansor;ansor
prabs;prabowo
varziimvp;varzii mvp
mancing;memancing
coblospks;coblos pks
ciamik;ciamik
singapura;singapura
petcahh;pecah
gangguan;gangguan
struick;struick
booster;booster
gxblxk;
speechless;tidak bisa bicara
injury;cedera
sudirman;sudirman
kaltara;kaltara
sarbini;sarbini
idolnya;idolanya
kedengeran;terdengar
konsilidasi;konsolidasi
locker;loker
nyambung;nyambung
bnern;benar benar
pilrpes;pilpres
dishub;dishub
recent;baru saja
presidential;presidensial
projo;projo
hashim;hashim
orangtua;orang tua
rhomais;rhoma
subianto;subianto
menginisi;menginisiasi
titipkankerukunan;titipkan kerukunan
expected;diharapkan
marcos;marcos
minjem;meminjam
chuaks;
ovation;apresiasi
caffe;kafe
captain;kapten
logic;logika
kunir;kunyit
wanti;wanti
banwaslu;bawaslu
sukoharjo;sukoharjo
beneran;benar benar
ngadepin;menghadapi
caramel;karamel
rahakundini;rahakundini
ciptaker;cipta kerja
milihpakbowo;milih pak bowo
mnding;mending
rstmbcl;
beginning;awal
gasspol;gas pol
raie;
delete;menghapus
knapa;kenapa
clothe;pakaian
jayate;jayate
mdmahfudrebound;md mahfud kembali
parpol;parpol
ishikawa;ishikawa
bandingin;membandingkan
rubbish;sampah
banyumas;banyumas
creyqserqs;
ramandhani;ramandhani
interest;minat
asbun;asal bunyi
activists;aktivis
jgnkan;jangan kan
pulpres;pilpres
prepared;siap
menbumn;menteri bumn
ngeblok;memblokir
asiknya;asyiknya
hadeeh;
kemendikbud;kemendikbud
cenderamata;cenderamata
waah;waah
nahdliyyin;nahdliyyin
brooks;brooks
shinzou;shinzou
ngeselin;menyebalkan
completely;habis
nyaa;nya
segambreng;banyak sekali
setidaknya;setidaknya
anyway;bagaimanapun
allaahuakbar;allahu akbar
torang;torang
indones;indonesia
mardani;mardani
satset;sat set
wijatmoko;wijatmoko
diseriusin;diseriuskan
gentile;gentile
naker;tenaga kerja
hafid;hafid
siprianus;siprianus
conveying;menyampaikan
shock;terkejut
adaro;adaro
gaenak;nggak enak
nyogok;menyogok
thahir;thahir
nagita;nagita
an;dan
bella;bella
nickel;nikel
parawansa;parawansa
milyar;miliar
ukraina;ukraina
rusia;rusia
nayain;menanyakan
nevertheless;tetapi
letjen;letjen
assistance;bantuan
haikal;haikal
replies;balasan
nurhadi;nurhadi
hatipakbowo;hati pak bowo
menlu;menlu
koentji;kunci
siagian;siagian
londo;londo
diservice;diservis
angwar;angwar
latent;laten
jepang;jepang
gilaan;giliran
backlash;reaksi
mengkawatirkan;mengkhawatirkan
ernest;ernest
kitamasbowo;kita mas bowo
tenggelamkan;tenggelamkan
dissing;menghina
newsweek;berita mingguan
sprotiv;sprotiv
about;sekitar
